,RD_KIT_Desc,Synthesis_Metric,P_Value
0,Chi4n,avg,0.04991394077578085
1,VSA_EState2,Polar_dispersity,0.0496896305745815
2,EState_VSA8,Solvent,0.04966215141530126
3,TPSA,Comp,0.04922222611560648
4,NOCount,Avg_area,0.04907518719682184
5,PEOE_VSA6,avg,0.04898124189110871
6,MinEStateIndex,kur,0.04882794607672691
7,VSA_EState2,Area_Sphere_Substance,0.04881672730353865
8,NumAliphaticHeterocycles,sa,0.04837475480194048
9,NumAliphaticRings,sa,0.04837475480194048
10,EState_VSA2,kur,0.04829773192566549
11,TPSA,sq,0.04797643411394218
12,SlogP_VSA4,Full_molecule,0.04775234245613985
13,EState_VSA8,Avg_roundness,0.04726631163973458
14,EState_VSA8,Avg_area,0.046882525919118644
15,AvgIpc,Solvent,0.04636547706074549
16,EState_VSA10,ssk,0.046286166393865
17,VSA_EState8,Conc of comp,0.04622913764187385
18,SlogP_VSA4,hydrophbic_section,0.04616067941641613
19,EState_VSA8,Full_molecule,0.045903991519771224
20,SlogP_VSA4,hydrophilic_section,0.04578494719340046
21,EState_VSA8,hydrophbic_section,0.04542988235493031
22,EState_VSA8,hydrophilic_section,0.04531526754376572
23,PEOE_VSA11,sa,0.04531256283206605
24,VSA_EState2,Conc of comp,0.045300174743229546
25,NOCount,Avg_roundness,0.04510567799546317
26,VSA_EState1,kur,0.044982378303376175
27,HeavyAtomCount,Std_dev_(mps),0.0448642206435416
28,EState_VSA8,Polar_dispersity,0.04433913205465844
29,EState_VSA8,Area_Sphere_Substance,0.044045362553211384
30,EState_VSA10,Solvent,0.04402800672617666
31,MinEStateIndex,hydrophilic_section,0.04382671038558999
32,RingCount,Avg_area,0.04381096851770555
33,SMR_VSA5,sa,0.04339127141393235
34,MaxAbsPartialCharge,ssk,0.043286095956413945
35,fr_nitro_arom_nonortho,sa,0.043275441612742466
36,fr_nitro_arom,sa,0.043275441612742466
37,NumRotatableBonds,sa,0.043275441612742466
38,fr_NH0,sa,0.043275441612742466
39,fr_nitro,sa,0.043275441612742466
40,TPSA,mean_particle_size_(mps),0.04289392152793541
41,EState_VSA8,Conc of comp,0.04282995413714646
42,FpDensityMorgan3,sa,0.042822409235644524
43,VSA_EState8,T of comp,0.042755736530319804
44,VSA_EState8,T of solv,0.042755736530319804
45,VSA_EState3,kur,0.04271398047556284
46,SlogP_VSA3,kur,0.042698235948048724
47,RingCount,Solvent,0.04267141061892114
48,SlogP_VSA4,Polar_dispersity,0.042655392044564866
49,NumAliphaticHeterocycles,sq,0.04236657687231331
50,NumAliphaticRings,sq,0.04236657687231331
51,Kappa1,sa,0.042102693837577254
52,NumAromaticRings,avg,0.04183490703450531
53,fr_benzene,avg,0.04183490703450531
54,NumAromaticCarbocycles,avg,0.04183490703450531
55,SlogP_VSA4,Area_Sphere_Substance,0.04173127712279474
56,BCUT2D_LOGPHI,avg,0.04172997827751414
57,AvgIpc,avg,0.041401887243248135
58,BalabanJ,avg,0.041021125055854424
59,SlogP_VSA2,sa,0.040706990495231715
60,SlogP_VSA12,Std_dev_(mps),0.04055376187093752
61,SlogP_VSA5,Std_dev_(mps),0.040313706663365555
62,VSA_EState4,sa,0.04030867929125405
63,PEOE_VSA11,sq,0.04021383997572742
64,qed,ssk,0.040092169241228014
65,BCUT2D_CHGHI,avg,0.04001776370246698
66,fr_phenol,Solvent,0.03962907033349682
67,NumHDonors,Solvent,0.03962907033349682
68,NHOHCount,Solvent,0.03962907033349682
69,fr_phenol_noOrthoHbond,Solvent,0.03962907033349682
70,fr_Ar_OH,Solvent,0.03962907033349682
71,fr_bicyclic,Solvent,0.03962907033349682
72,NumAliphaticHeterocycles,Polar_dispersity,0.03938850428940632
73,NumAliphaticRings,Polar_dispersity,0.03938850428940632
74,VSA_EState5,Conc of comp,0.039201262907968
75,FpDensityMorgan2,sa,0.03913329071918085
76,fr_aryl_methyl,ssk,0.03908536848904638
77,fr_ether,Full_molecule,0.039071919933250855
78,FpDensityMorgan3,sq,0.038999882892468044
79,NumRotatableBonds,sq,0.038960370478585415
80,fr_nitro,sq,0.038960370478585415
81,fr_NH0,sq,0.038960370478585415
82,fr_nitro_arom,sq,0.038960370478585415
83,fr_nitro_arom_nonortho,sq,0.038960370478585415
84,TPSA,sa,0.038650341318211934
85,EState_VSA2,ssk,0.03846796443384667
86,EState_VSA2,Solvent,0.03810576577156223
87,SlogP_VSA4,Conc of comp,0.03804717308482203
88,SlogP_VSA1,ssk,0.03787399410279915
89,NOCount,Full_molecule,0.03768397859421516
90,EState_VSA10,Avg_area,0.037553838189763405
91,MinPartialCharge,kur,0.03726823791333473
92,EState_VSA10,Avg_roundness,0.03718922822167945
93,fr_alkyl_halide,sa,0.03710122744500093
94,fr_halogen,sa,0.03710122744500093
95,BCUT2D_MRLOW,sa,0.03703410622898681
96,VSA_EState4,sq,0.03694197908898365
97,Kappa3,kur,0.036650912877577733
98,EState_VSA2,Avg_roundness,0.03662187421202285
99,FpDensityMorgan2,sq,0.03657910371540771
100,NumHAcceptors,ssk,0.03636533409537677
101,EState_VSA2,Avg_area,0.03636171836604624
102,EState_VSA2,Full_molecule,0.035771192656498266
103,SMR_VSA1,kur,0.035679781195288064
104,EState_VSA2,hydrophbic_section,0.03547411054766378
105,EState_VSA2,hydrophilic_section,0.03540215863320021
106,NOCount,hydrophbic_section,0.03534215657856721
107,MinEStateIndex,hydrophbic_section,0.035259348802120415
108,BCUT2D_MRLOW,sq,0.035082951563883254
109,NumAliphaticRings,avg,0.03507095376207339
110,NumAliphaticHeterocycles,avg,0.03507095376207339
111,fr_alkyl_halide,sq,0.0350425314227749
112,fr_halogen,sq,0.0350425314227749
113,NOCount,hydrophilic_section,0.03480707239768289
114,EState_VSA2,Polar_dispersity,0.03478820923249628
115,EState_VSA2,Area_Sphere_Substance,0.03460312674231072
116,PEOE_VSA9,sa,0.03455693628320605
117,FpDensityMorgan1,sa,0.034449304415279845
118,PEOE_VSA11,avg,0.0341158281536903
119,fr_ether,hydrophbic_section,0.033921682547554184
120,FpDensityMorgan3,avg,0.03385352307979286
121,EState_VSA2,Conc of comp,0.03383505366028959
122,VSA_EState5,Solvent,0.033710832441519824
123,PEOE_VSA1,kur,0.033708282287509536
124,EState_VSA10,Full_molecule,0.03370485257758841
125,fr_NH0,avg,0.03365016836371852
126,fr_nitro,avg,0.03365016836371852
127,NumRotatableBonds,avg,0.03365016836371852
128,fr_nitro_arom_nonortho,avg,0.03365016836371852
129,fr_nitro_arom,avg,0.03365016836371852
130,EState_VSA4,Std_dev_(mps),0.03344450518240492
131,FpDensityMorgan1,sq,0.03341809328679643
132,PEOE_VSA7,Std_dev_(mps),0.033241651729109374
133,MinAbsEStateIndex,sa,0.033000358097082995
134,Chi1v,kur,0.03289237848120465
135,FpDensityMorgan2,avg,0.032873020806732614
136,fr_ether,hydrophilic_section,0.0328377390224305
137,SlogP_VSA1,Solvent,0.03280136864853983
138,VSA_EState4,avg,0.03278455449338748
139,EState_VSA10,hydrophbic_section,0.03254587381182175
140,BCUT2D_MWHI,Std_dev_(mps),0.03240421571998779
141,MinAbsEStateIndex,sq,0.0323980564097839
142,NumHAcceptors,Solvent,0.03232208224954859
143,VSA_EState5,sa,0.03229166844123763
144,EState_VSA10,hydrophilic_section,0.032272935161986
145,BCUT2D_MRLOW,avg,0.03219792148259371
146,fr_halogen,avg,0.03213138344685576
147,fr_alkyl_halide,avg,0.03213138344685576
148,NHOHCount,sa,0.031919854402995836
149,fr_phenol_noOrthoHbond,sa,0.031919854402995836
150,fr_phenol,sa,0.031919854402995836
151,fr_Ar_OH,sa,0.031919854402995836
152,fr_bicyclic,sa,0.031919854402995836
153,NumHDonors,sa,0.031919854402995836
154,VSA_EState5,sq,0.0318674673414352
155,FractionCSP3,sa,0.031648815676187436
156,NumHDonors,sq,0.03158556407795346
157,NHOHCount,sq,0.03158556407795346
158,fr_phenol_noOrthoHbond,sq,0.03158556407795346
159,fr_phenol,sq,0.03158556407795346
160,fr_Ar_OH,sq,0.03158556407795346
161,fr_bicyclic,sq,0.03158556407795346
162,Chi3n,ssk,0.031583895278966045
163,FpDensityMorgan1,avg,0.03154359223292052
164,FractionCSP3,sq,0.03146845249261976
165,MinAbsEStateIndex,avg,0.03108983508413549
166,VSA_EState5,avg,0.030835094550686608
167,NumHDonors,avg,0.030697586644746887
168,fr_phenol,avg,0.030697586644746887
169,NHOHCount,avg,0.030697586644746887
170,fr_phenol_noOrthoHbond,avg,0.030697586644746887
171,fr_bicyclic,avg,0.030697586644746887
172,fr_Ar_OH,avg,0.030697586644746887
173,FractionCSP3,avg,0.0306890328734
174,NOCount,Polar_dispersity,0.030475416476512123
175,FpDensityMorgan1,Polar_dispersity,0.030068579563909573
176,SMR_VSA6,kur,0.03006390071373997
177,Chi4v,ssk,0.03004860881705859
178,EState_VSA10,Polar_dispersity,0.030002487045494845
179,MaxAbsPartialCharge,avg,0.029643834794962288
180,EState_VSA5,Std_dev_(mps),0.029581893275195028
181,qed,avg,0.029551390008241776
182,fr_aryl_methyl,avg,0.029344360776374773
183,EState_VSA10,Area_Sphere_Substance,0.029332402553664667
184,NOCount,Area_Sphere_Substance,0.02922653104547644
185,Kappa1,Std_dev_(mps),0.02919591752750634
186,MaxAbsPartialCharge,sq,0.02916065169457631
187,NumAliphaticRings,Area_Sphere_Substance,0.029112821260432666
188,NumAliphaticHeterocycles,Area_Sphere_Substance,0.029112821260432666
189,qed,sq,0.028959704832769634
190,SMR_VSA1,Std_dev_(mps),0.02886306689155543
191,MaxPartialCharge,avg,0.028769055738359167
192,EState_VSA9,Std_dev_(mps),0.02875771107235094
193,MinAbsPartialCharge,avg,0.028752082945106377
194,fr_aryl_methyl,sq,0.02853981624632916
195,TPSA,kur,0.02846258485177555
196,MaxAbsPartialCharge,sa,0.028414960014902
197,BCUT2D_MWLOW,T of comp,0.028372533228295863
198,BCUT2D_MWLOW,T of solv,0.028372533228295863
199,qed,sa,0.028136748825432482
200,MinEStateIndex,avg,0.02779309717871203
201,fr_aryl_methyl,sa,0.02758654542324906
202,NumAromaticCarbocycles,Avg_roundness,0.027382045360570498
203,NumAromaticRings,Avg_roundness,0.027382045360570498
204,fr_benzene,Avg_roundness,0.027382045360570498
205,FpDensityMorgan1,Solvent,0.027367921588973398
206,MaxPartialCharge,sq,0.0273027684049347
207,Chi0,Std_dev_(mps),0.027277710103826472
208,MinAbsPartialCharge,sq,0.027266690924006128
209,BertzCT,hydrophobic,0.02682022723468753
210,MinPartialCharge,avg,0.026684787364656692
211,EState_VSA10,Conc of comp,0.026667712135505412
212,VSA_EState6,T of comp,0.026637386319671948
213,VSA_EState6,T of solv,0.026637386319671948
214,SlogP_VSA1,Avg_area,0.026398474908689958
215,NumHAcceptors,Avg_area,0.026124224378301752
216,MaxPartialCharge,sa,0.02588760607933919
217,MinAbsPartialCharge,sa,0.02583850229921271
218,MinEStateIndex,sq,0.025395774463482533
219,PEOE_VSA10,kur,0.0251436374720719
220,EState_VSA9,sa,0.024790754514496516
221,NumHAcceptors,T of comp,0.024730483528411226
222,NumHAcceptors,T of solv,0.024730483528411226
223,fr_ether,Polar_dispersity,0.024650217387325774
224,PEOE_VSA6,mean_particle_size_(mps),0.024624651073478065
225,TPSA,ssk,0.02457197646287435
226,VSA_EState1,Std_dev_(mps),0.024489807842594732
227,NOCount,Conc of comp,0.024488226493519148
228,TPSA,Solvent,0.02442463960340688
229,PEOE_VSA10,Std_dev_(mps),0.024384118102023983
230,Chi2n,T of solv,0.024293312485278787
231,Chi2n,T of comp,0.024293312485278787
232,TPSA,Avg_roundness,0.023800358276850286
233,TPSA,Avg_area,0.02367586338321419
234,SMR_VSA5,kur,0.02355907930419604
235,MinEStateIndex,sa,0.02345666280863118
236,TPSA,Full_molecule,0.02343809976408691
237,Chi0v,Std_dev_(mps),0.023396936572742794
238,NumHAcceptors,Avg_roundness,0.023375238040979126
239,TPSA,hydrophbic_section,0.02331094228010282
240,TPSA,hydrophilic_section,0.023280059721855356
241,MinPartialCharge,sq,0.023144235307082824
242,Chi4n,Avg_roundness,0.023072172016633634
243,TPSA,Polar_dispersity,0.02301582201044822
244,MinAbsEStateIndex,Solvent,0.02300278499772995
245,TPSA,Area_Sphere_Substance,0.02293597304104254
246,Chi4v,Solvent,0.022926623608047897
247,HallKierAlpha,Avg_area,0.02285961108142139
248,BCUT2D_MRLOW,Conc of comp,0.02280799560547701
249,SlogP_VSA12,sq,0.022657318687927603
250,TPSA,Conc of comp,0.022603134828991085
251,SlogP_VSA1,Avg_roundness,0.022503047944643167
252,fr_ether,Area_Sphere_Substance,0.022428447400467285
253,Chi3n,Solvent,0.022423160961422394
254,MaxPartialCharge,ssk,0.022252281178379272
255,Kappa3,T of comp,0.022121936971831044
256,Kappa3,T of solv,0.022121936971831044
257,SlogP_VSA6,T of solv,0.022006499178980142
258,SlogP_VSA6,T of comp,0.022006499178980142
259,VSA_EState1,ssk,0.021967523882125594
260,MinAbsPartialCharge,ssk,0.02186137133269602
261,PEOE_VSA1,Std_dev_(mps),0.021566043600853024
262,EState_VSA2,mean_particle_size_(mps),0.02138924961982512
263,VSA_EState3,Std_dev_(mps),0.021350391264239574
264,VSA_EState1,Solvent,0.021259967045795063
265,BCUT2D_CHGHI,Solvent,0.021067358919168232
266,PEOE_VSA9,mean_particle_size_(mps),0.021030859704729815
267,SMR_VSA7,T of comp,0.020903071645029064
268,SMR_VSA7,T of solv,0.020903071645029064
269,Chi0n,Std_dev_(mps),0.020875576384753326
270,HeavyAtomCount,sa,0.020656708294625334
271,SlogP_VSA6,mean_particle_size_(mps),0.02049943298614557
272,MinPartialCharge,sa,0.020492891117086704
273,Chi3n,Avg_area,0.02046911284094514
274,SMR_VSA6,ssk,0.020308082458309763
275,SlogP_VSA2,kur,0.0202272612528457
276,SMR_VSA5,mean_particle_size_(mps),0.020186682789355304
277,HallKierAlpha,avg,0.020158647251453908
278,BCUT2D_LOGPLOW,avg,0.020136802051937627
279,SMR_VSA6,Solvent,0.019969158634350052
280,Chi4v,Avg_area,0.01974249903674723
281,BCUT2D_CHGLO,avg,0.019662850034521267
282,SMR_VSA7,mean_particle_size_(mps),0.01953045379436696
283,NumHAcceptors,Full_molecule,0.01943836939206597
284,Chi1,kur,0.019271325189315965
285,NumHeteroatoms,ssk,0.019183404703264507
286,VSA_EState10,ssk,0.019000944473261727
287,VSA_EState1,Avg_roundness,0.018925310610624135
288,VSA_EState1,Avg_area,0.018901528257362684
289,MinEStateIndex,ssk,0.01878196908407228
290,SMR_VSA1,ssk,0.0187380289901447
291,SlogP_VSA2,mean_particle_size_(mps),0.018709705201056193
292,SMR_VSA6,Avg_roundness,0.018694996656079037
293,PEOE_VSA9,kur,0.018643195281984902
294,SMR_VSA6,Avg_area,0.018554542933380404
295,FpDensityMorgan2,hydrophbic_section,0.018437565069216424
296,EState_VSA4,kur,0.018242877278464954
297,NumHAcceptors,hydrophbic_section,0.018203847606156648
298,SMR_VSA1,Solvent,0.01820290819822095
299,SlogP_VSA1,Full_molecule,0.018184669636967566
300,SMR_VSA6,Full_molecule,0.017983902911606058
301,NumHAcceptors,hydrophilic_section,0.017923448569118434
302,VSA_EState3,ssk,0.017852652307243623
303,Chi3v,ssk,0.017823013287990352
304,SMR_VSA6,hydrophbic_section,0.01773817557696256
305,VSA_EState1,Full_molecule,0.0176834558253949
306,SMR_VSA6,hydrophilic_section,0.017679052541533753
307,Chi1,Std_dev_(mps),0.017648409493753296
308,MinEStateIndex,Full_molecule,0.01756292284903353
309,SMR_VSA5,ssk,0.01753868255299956
310,SMR_VSA5,Solvent,0.017322039636304132
311,VSA_EState1,hydrophbic_section,0.017262553725840433
312,SMR_VSA6,Polar_dispersity,0.017177252873314872
313,NumHeteroatoms,Solvent,0.017176621439181586
314,VSA_EState1,hydrophilic_section,0.01716244439670214
315,VSA_EState3,Solvent,0.017135387220856953
316,SMR_VSA6,Area_Sphere_Substance,0.017026576990528786
317,BalabanJ,Solvent,0.017015823394881398
318,SlogP_VSA3,Std_dev_(mps),0.016965971387616224
319,SlogP_VSA1,hydrophbic_section,0.016856768413811077
320,EState_VSA8,mean_particle_size_(mps),0.016671904584592306
321,VSA_EState2,Std_dev_(mps),0.01666477046278738
322,MolWt,hydrophilic,0.01665306329684035
323,ExactMolWt,hydrophilic,0.01660903199012284
324,SlogP_VSA1,hydrophilic_section,0.01655876001549714
325,SMR_VSA5,Avg_roundness,0.016472906721444427
326,HeavyAtomMolWt,Comp,0.016420894296956
327,SMR_VSA6,Conc of comp,0.01640696604694011
328,SMR_VSA1,Avg_roundness,0.016394774048299515
329,FpDensityMorgan2,hydrophilic_section,0.016360329017734147
330,SMR_VSA5,Avg_area,0.016352891393169443
331,SMR_VSA1,Avg_area,0.016344134807599678
332,VSA_EState1,Polar_dispersity,0.016321175647865303
333,NOCount,T of comp,0.016156390558419994
334,NOCount,T of solv,0.016156390558419994
335,VSA_EState1,Area_Sphere_Substance,0.016070559763078276
336,SMR_VSA5,Full_molecule,0.01599198858421225
337,SMR_VSA10,mean_particle_size_(mps),0.01597480414196946
338,EState_VSA3,Std_dev_(mps),0.015964905256200982
339,SMR_VSA6,mean_particle_size_(mps),0.015931664031381222
340,SMR_VSA5,hydrophbic_section,0.01582480062591281
341,SMR_VSA5,hydrophilic_section,0.01578443418932073
342,NumHAcceptors,Polar_dispersity,0.01565713672501776
343,SMR_VSA5,Polar_dispersity,0.015440754100901934
344,SMR_VSA1,Full_molecule,0.015423019789657611
345,SMR_VSA5,Area_Sphere_Substance,0.015337291663365555
346,PEOE_VSA8,Std_dev_(mps),0.015332374184672268
347,EState_VSA10,Std_dev_(mps),0.015315814718532567
348,SMR_VSA10,sq,0.015243905684686379
349,HeavyAtomMolWt,hydrophilic,0.015158687519867245
350,SMR_VSA1,hydrophbic_section,0.015092231193646803
351,fr_aryl_methyl,Full_molecule,0.015065677340808267
352,VSA_EState1,Conc of comp,0.015057172193966024
353,SMR_VSA1,hydrophilic_section,0.015013366521251062
354,fr_ether,Conc of comp,0.015010781512149452
355,VSA_EState3,Avg_area,0.01500750392058137
356,NumHAcceptors,Area_Sphere_Substance,0.015003110083852755
357,VSA_EState3,Avg_roundness,0.014915600908324455
358,SMR_VSA5,Conc of comp,0.014909609143938178
359,HallKierAlpha,Conc of comp,0.014871871921887643
360,MaxAbsPartialCharge,hydrophilic_section,0.014842556479842563
361,Chi1v,Std_dev_(mps),0.014819528843420126
362,RingCount,Avg_roundness,0.014784099681124777
363,HeavyAtomCount,mean_particle_size_(mps),0.014773818181363864
364,SlogP_VSA4,Std_dev_(mps),0.014713711027250446
365,SPS,Std_dev_(mps),0.014708392647476653
366,EState_VSA1,Std_dev_(mps),0.014688574964049182
367,Chi3v,Solvent,0.014475148577675654
368,SlogP_VSA2,ssk,0.014424650741124834
369,ExactMolWt,Comp,0.014403653286819045
370,SlogP_VSA12,mean_particle_size_(mps),0.01438979643761338
371,SMR_VSA1,Polar_dispersity,0.014349105451418558
372,VSA_EState10,Solvent,0.01425193659660714
373,MolWt,Comp,0.014230914955443532
374,SlogP_VSA2,Solvent,0.014219018520188824
375,SlogP_VSA1,Polar_dispersity,0.014172479508028994
376,NumHeteroatoms,Avg_area,0.014157900286131052
377,SMR_VSA1,Area_Sphere_Substance,0.01415082374882559
378,SMR_VSA9,Std_dev_(mps),0.01409931808070995
379,SlogP_VSA11,Std_dev_(mps),0.01409931808070995
380,SMR_VSA9,ssk,0.01391698283630296
381,SlogP_VSA11,ssk,0.01391698283630296
382,PEOE_VSA9,ssk,0.013857481527828692
383,Chi2v,Std_dev_(mps),0.01376991342480227
384,SlogP_VSA5,mean_particle_size_(mps),0.013762529185495358
385,VSA_EState3,Full_molecule,0.013761609871179968
386,Kappa2,Std_dev_(mps),0.013742033409491702
387,PEOE_VSA9,Solvent,0.013685317892197011
388,PEOE_VSA2,Std_dev_(mps),0.013552280131912259
389,SlogP_VSA1,Area_Sphere_Substance,0.013488882486195184
390,SlogP_VSA2,Avg_roundness,0.013432100044904553
391,BCUT2D_MWHI,mean_particle_size_(mps),0.013382602532417943
392,VSA_EState3,hydrophbic_section,0.013373932737561493
393,Chi1n,Std_dev_(mps),0.013368410508317117
394,SMR_VSA1,Conc of comp,0.01334600611888228
395,SlogP_VSA2,Avg_area,0.013335401904764793
396,SlogP_VSA1,T of solv,0.013319081170848138
397,SlogP_VSA1,T of comp,0.013319081170848138
398,PEOE_VSA1,ssk,0.013301773447505579
399,VSA_EState3,hydrophilic_section,0.01328225253693733
400,EState_VSA4,mean_particle_size_(mps),0.01326901807429632
401,BCUT2D_MWLOW,Std_dev_(mps),0.013146340575290764
402,Chi4n,Full_molecule,0.01305148813605378
403,PEOE_VSA9,Avg_roundness,0.013013830760921552
404,SlogP_VSA2,Full_molecule,0.012989569005645327
405,PEOE_VSA7,mean_particle_size_(mps),0.012959624982531105
406,PEOE_VSA9,Avg_area,0.012921715427742477
407,BCUT2D_MWHI,sq,0.012860953321915638
408,NumHeteroatoms,Std_dev_(mps),0.012840656393683208
409,HallKierAlpha,sq,0.012837219763191611
410,SlogP_VSA2,hydrophbic_section,0.012836143418787077
411,SlogP_VSA2,hydrophilic_section,0.012799165894459081
412,EState_VSA5,mean_particle_size_(mps),0.012783903084215778
413,VSA_EState10,Avg_area,0.012760711771749741
414,Kappa1,mean_particle_size_(mps),0.012754525530332938
415,NumHeteroatoms,Avg_roundness,0.01274620123424151
416,EState_VSA9,mean_particle_size_(mps),0.012729860390606302
417,PEOE_VSA1,Solvent,0.012728517609097044
418,Chi4v,Avg_roundness,0.012703524895401939
419,SMR_VSA9,Solvent,0.012662481869696634
420,SlogP_VSA11,Solvent,0.012662481869696634
421,PEOE_VSA9,Full_molecule,0.012633786386739718
422,SMR_VSA1,mean_particle_size_(mps),0.012577429717245736
423,NumHAcceptors,Conc of comp,0.012532276017238005
424,VSA_EState3,Polar_dispersity,0.01251512240789048
425,PEOE_VSA9,hydrophbic_section,0.01250168528501622
426,SlogP_VSA2,Polar_dispersity,0.012484760159441348
427,PEOE_VSA9,hydrophilic_section,0.01246979829541131
428,Chi0,mean_particle_size_(mps),0.012462280405587393
429,VSA_EState6,Std_dev_(mps),0.01244402114064892
430,BCUT2D_LOGPLOW,sq,0.01241818786430326
431,Kappa3,Std_dev_(mps),0.012402322941027328
432,SlogP_VSA2,Area_Sphere_Substance,0.012390197060597529
433,VSA_EState3,Area_Sphere_Substance,0.012287283895769217
434,Chi3v,Avg_area,0.012256924517063719
435,PEOE_VSA9,Polar_dispersity,0.012198315426620926
436,PEOE_VSA9,Area_Sphere_Substance,0.01211657640204186
437,HeavyAtomMolWt,Std_dev_(mps),0.012106391586684438
438,Chi0n,kur,0.01209047777660355
439,SlogP_VSA2,Conc of comp,0.012000216209187606
440,Chi2n,Std_dev_(mps),0.011978745733595737
441,PEOE_VSA10,mean_particle_size_(mps),0.011937720539868133
442,Chi2n,ssk,0.011924720806161445
443,VSA_EState1,mean_particle_size_(mps),0.011907219279942923
444,VSA_EState8,Std_dev_(mps),0.011877623048565109
445,Chi0v,mean_particle_size_(mps),0.01183604580468642
446,PEOE_VSA9,Conc of comp,0.011778729929757651
447,BCUT2D_CHGLO,sq,0.01177769372877845
448,NumHAcceptors,Std_dev_(mps),0.01171430558128939
449,MaxAbsEStateIndex,Std_dev_(mps),0.01157072073360891
450,MaxEStateIndex,Std_dev_(mps),0.01157072073360891
451,SlogP_VSA3,ssk,0.011506634984668584
452,PEOE_VSA1,mean_particle_size_(mps),0.011452901380114063
453,VSA_EState3,mean_particle_size_(mps),0.011400050287679736
454,Chi0n,mean_particle_size_(mps),0.01137974359553111
455,VSA_EState3,Conc of comp,0.011372994988608857
456,SlogP_VSA10,T of solv,0.011326058860580053
457,PEOE_VSA13,T of comp,0.011326058860580053
458,SlogP_VSA10,T of comp,0.011326058860580053
459,PEOE_VSA13,T of solv,0.011326058860580053
460,BertzCT,Comp,0.011159069163094263
461,SlogP_VSA1,Std_dev_(mps),0.011154907043398913
462,NOCount,Std_dev_(mps),0.011134284824194424
463,PEOE_VSA1,Avg_area,0.011122105763831555
464,FpDensityMorgan3,Full_molecule,0.011114935405503014
465,Chi3v,Std_dev_(mps),0.011095570332651804
466,Chi3n,Avg_roundness,0.011079440301948443
467,PEOE_VSA1,Avg_roundness,0.011006392210734546
468,SlogP_VSA1,Conc of comp,0.010950001053839892
469,BCUT2D_MRHI,Std_dev_(mps),0.010941730916718044
470,MaxAbsEStateIndex,T of solv,0.01092211810016538
471,MaxAbsEStateIndex,T of comp,0.01092211810016538
472,MaxEStateIndex,T of solv,0.01092211810016538
473,MaxEStateIndex,T of comp,0.01092211810016538
474,NumHeteroatoms,Full_molecule,0.010767994423268996
475,SlogP_VSA3,Solvent,0.010763390799360366
476,Chi1,mean_particle_size_(mps),0.010752447662973268
477,ExactMolWt,Std_dev_(mps),0.010693522009328287
478,Chi4n,hydrophbic_section,0.010648002534148075
479,PEOE_VSA10,ssk,0.010622805556613867
480,fr_benzene,Full_molecule,0.01059383557411701
481,NumAromaticCarbocycles,Full_molecule,0.01059383557411701
482,NumAromaticRings,Full_molecule,0.01059383557411701
483,SlogP_VSA3,mean_particle_size_(mps),0.010588375601152163
484,MolLogP,Std_dev_(mps),0.010585819409031109
485,MolWt,Std_dev_(mps),0.010570351722355239
486,SMR_VSA9,Avg_area,0.010567840341261918
487,SlogP_VSA11,Avg_area,0.010567840341261918
488,VSA_EState10,Std_dev_(mps),0.01047406233375762
489,PEOE_VSA13,Std_dev_(mps),0.01044861578648957
490,SlogP_VSA10,Std_dev_(mps),0.01044861578648957
491,VSA_EState2,mean_particle_size_(mps),0.01044803160106054
492,EState_VSA3,mean_particle_size_(mps),0.010264435388896168
493,Chi4v,Std_dev_(mps),0.010246107283580129
494,PEOE_VSA10,Solvent,0.010203927067533215
495,EState_VSA10,mean_particle_size_(mps),0.010194806758917162
496,FpDensityMorgan1,Area_Sphere_Substance,0.010192810104188915
497,Chi4n,hydrophilic_section,0.01018631229334776
498,SPS,mean_particle_size_(mps),0.010148955868438551
499,NumHeteroatoms,hydrophbic_section,0.010142282423166461
500,Chi1v,mean_particle_size_(mps),0.010140298599721653
501,PEOE_VSA8,mean_particle_size_(mps),0.010136643319469455
502,Chi3v,T of comp,0.010134572896844805
503,Chi3v,T of solv,0.010134572896844805
504,PEOE_VSA1,Full_molecule,0.0101187276808888
505,EState_VSA5,kur,0.010059044256128916
506,Chi2n,Solvent,0.010057604225214338
507,SlogP_VSA4,mean_particle_size_(mps),0.010049874594538148
508,EState_VSA1,mean_particle_size_(mps),0.01002985027575784
509,NumHeteroatoms,hydrophilic_section,0.009999752066242772
510,SlogP_VSA11,mean_particle_size_(mps),0.009956090221678827
511,SMR_VSA9,mean_particle_size_(mps),0.009956090221678827
512,Chi3n,Std_dev_(mps),0.009931197636293437
513,Chi2v,mean_particle_size_(mps),0.009890638721493723
514,Kappa2,mean_particle_size_(mps),0.009882645857487214
515,PEOE_VSA1,hydrophbic_section,0.009821373642216588
516,EState_VSA7,Std_dev_(mps),0.009799931388102945
517,Chi1n,mean_particle_size_(mps),0.009791154435786391
518,BCUT2D_MWLOW,mean_particle_size_(mps),0.009765177830529452
519,PEOE_VSA2,mean_particle_size_(mps),0.009754303404010142
520,PEOE_VSA1,hydrophilic_section,0.009751218927201322
521,SlogP_VSA11,Avg_roundness,0.009749929133828683
522,SMR_VSA9,Avg_roundness,0.009749929133828683
523,NumHeteroatoms,mean_particle_size_(mps),0.00964774330295073
524,HallKierAlpha,kur,0.00964335921422501
525,VSA_EState6,mean_particle_size_(mps),0.00956655389847082
526,Kappa3,mean_particle_size_(mps),0.009560305091994568
527,Chi2n,mean_particle_size_(mps),0.009432018935099274
528,VSA_EState8,mean_particle_size_(mps),0.009373743803793836
529,NumHAcceptors,mean_particle_size_(mps),0.009351078676091758
530,MaxEStateIndex,mean_particle_size_(mps),0.009333577077401864
531,MaxAbsEStateIndex,mean_particle_size_(mps),0.009333577077401864
532,EState_VSA4,ssk,0.009331257767456684
533,HallKierAlpha,sa,0.009215698866217347
534,fr_ether,Std_dev_(mps),0.009212791876238333
535,Chi4v,Full_molecule,0.009206462468502884
536,SlogP_VSA1,mean_particle_size_(mps),0.009200718979913921
537,RingCount,Std_dev_(mps),0.00919983968210708
538,Chi3v,mean_particle_size_(mps),0.009190365153686705
539,NOCount,mean_particle_size_(mps),0.009187659406680242
540,BertzCT,Std_dev_(mps),0.009174468093128253
541,SlogP_VSA3,Avg_area,0.009167354989660046
542,PEOE_VSA1,Polar_dispersity,0.009164888499337174
543,BCUT2D_MRHI,mean_particle_size_(mps),0.009161560508272834
544,Chi4n,Std_dev_(mps),0.009071340437839762
545,EState_VSA4,Solvent,0.009053335621805847
546,MolLogP,mean_particle_size_(mps),0.009049750483937488
547,Chi3v,Avg_roundness,0.00903601094856057
548,VSA_EState10,mean_particle_size_(mps),0.009013827259255681
549,PEOE_VSA10,Avg_area,0.008991972606421617
550,PEOE_VSA1,Area_Sphere_Substance,0.00899081039929437
551,SlogP_VSA10,mean_particle_size_(mps),0.008980944943953678
552,PEOE_VSA13,mean_particle_size_(mps),0.008980944943953678
553,Chi4v,mean_particle_size_(mps),0.00894539542273411
554,PEOE_VSA10,Avg_roundness,0.00892260376248812
555,Chi3n,mean_particle_size_(mps),0.00885182589821832
556,NumHeteroatoms,Polar_dispersity,0.008841449949446762
557,SlogP_VSA3,Avg_roundness,0.00881527826081082
558,EState_VSA7,mean_particle_size_(mps),0.008795794695566786
559,fr_ether,mean_particle_size_(mps),0.008625675836417785
560,BCUT2D_LOGPHI,Std_dev_(mps),0.008624731435765915
561,RingCount,mean_particle_size_(mps),0.008624204128945951
562,NumAromaticRings,Std_dev_(mps),0.008622848559126827
563,fr_benzene,Std_dev_(mps),0.008622848559126827
564,NumAromaticCarbocycles,Std_dev_(mps),0.008622848559126827
565,AvgIpc,Std_dev_(mps),0.008602213081662757
566,Chi4n,mean_particle_size_(mps),0.008582448088335902
567,BalabanJ,Std_dev_(mps),0.008580740866512266
568,MolMR,avg,0.008558130529000472
569,BCUT2D_CHGHI,Std_dev_(mps),0.008519190415225527
570,NumHeteroatoms,Area_Sphere_Substance,0.008504978070840953
571,Chi2n,Avg_area,0.00848721853833634
572,BCUT2D_LOGPLOW,sa,0.008475297200080072
573,BCUT2D_LOGPHI,mean_particle_size_(mps),0.008436826593469133
574,RingCount,Full_molecule,0.008435286820102085
575,NumAromaticRings,mean_particle_size_(mps),0.008435066493042024
576,fr_benzene,mean_particle_size_(mps),0.008435066493042024
577,NumAromaticCarbocycles,mean_particle_size_(mps),0.008435066493042024
578,AvgIpc,mean_particle_size_(mps),0.008428853643661586
579,BalabanJ,mean_particle_size_(mps),0.008421818352290236
580,SlogP_VSA11,Full_molecule,0.008408068310500713
581,SMR_VSA9,Full_molecule,0.008408068310500713
582,BCUT2D_CHGHI,mean_particle_size_(mps),0.00840094519147604
583,FractionCSP3,Solvent,0.008305096091690863
584,PEOE_VSA1,Conc of comp,0.008293929902455628
585,NumAliphaticRings,mean_particle_size_(mps),0.00828734775118526
586,NumAliphaticHeterocycles,mean_particle_size_(mps),0.00828734775118526
587,PEOE_VSA11,mean_particle_size_(mps),0.008261981129371534
588,FpDensityMorgan3,mean_particle_size_(mps),0.008259773477898526
589,PEOE_VSA10,Full_molecule,0.008255873012243032
590,fr_nitro_arom,mean_particle_size_(mps),0.008251139130405058
591,fr_NH0,mean_particle_size_(mps),0.008251139130405058
592,fr_nitro_arom_nonortho,mean_particle_size_(mps),0.008251139130405058
593,fr_nitro,mean_particle_size_(mps),0.008251139130405058
594,NumRotatableBonds,mean_particle_size_(mps),0.008251139130405058
595,FpDensityMorgan2,mean_particle_size_(mps),0.008235426149454623
596,VSA_EState4,mean_particle_size_(mps),0.008228548402728195
597,BCUT2D_MRLOW,mean_particle_size_(mps),0.008217272142698483
598,fr_alkyl_halide,mean_particle_size_(mps),0.008214592725735364
599,fr_halogen,mean_particle_size_(mps),0.008214592725735364
600,Chi4v,hydrophbic_section,0.00821173404160313
601,FpDensityMorgan1,mean_particle_size_(mps),0.008201449794982815
602,NumAliphaticHeterocycles,Std_dev_(mps),0.008192269317758401
603,NumAliphaticRings,Std_dev_(mps),0.008192269317758401
604,MinAbsEStateIndex,mean_particle_size_(mps),0.008189353122232372
605,VSA_EState5,mean_particle_size_(mps),0.008182188589630797
606,SlogP_VSA6,sq,0.00817918356442537
607,FractionCSP3,mean_particle_size_(mps),0.008178915640947023
608,fr_Ar_OH,mean_particle_size_(mps),0.008178276738694127
609,fr_phenol_noOrthoHbond,mean_particle_size_(mps),0.008178276738694127
610,fr_phenol,mean_particle_size_(mps),0.008178276738694127
611,NHOHCount,mean_particle_size_(mps),0.008178276738694127
612,fr_bicyclic,mean_particle_size_(mps),0.008178276738694127
613,NumHDonors,mean_particle_size_(mps),0.008178276738694127
614,MaxAbsPartialCharge,mean_particle_size_(mps),0.008150665088738738
615,qed,mean_particle_size_(mps),0.008148137008568687
616,fr_aryl_methyl,mean_particle_size_(mps),0.008142189721376017
617,EState_VSA4,Avg_roundness,0.008141824036129406
618,EState_VSA4,Avg_area,0.008140760870425822
619,MaxPartialCharge,mean_particle_size_(mps),0.008126323583108542
620,MinAbsPartialCharge,mean_particle_size_(mps),0.008125851538123167
621,PEOE_VSA11,Std_dev_(mps),0.00812183412587158
622,FpDensityMorgan3,Std_dev_(mps),0.008112272972334132
623,MinEStateIndex,mean_particle_size_(mps),0.008097471006395553
624,fr_nitro,Std_dev_(mps),0.008090609925476935
625,NumRotatableBonds,Std_dev_(mps),0.008090609925476935
626,fr_nitro_arom_nonortho,Std_dev_(mps),0.008090609925476935
627,fr_NH0,Std_dev_(mps),0.008090609925476935
628,fr_nitro_arom,Std_dev_(mps),0.008090609925476935
629,MinPartialCharge,mean_particle_size_(mps),0.008065545819151749
630,FpDensityMorgan2,Std_dev_(mps),0.008043329768902215
631,PEOE_VSA10,hydrophbic_section,0.008031611134821983
632,VSA_EState4,Std_dev_(mps),0.00802750961265093
633,Chi4v,hydrophilic_section,0.007999808159701666
634,BCUT2D_MRLOW,Std_dev_(mps),0.007992960580396806
635,fr_alkyl_halide,Std_dev_(mps),0.007986173639245576
636,fr_halogen,Std_dev_(mps),0.007986173639245576
637,PEOE_VSA10,hydrophilic_section,0.007978588846835133
638,SlogP_VSA11,hydrophbic_section,0.007977895594657778
639,SMR_VSA9,hydrophbic_section,0.007977895594657778
640,FpDensityMorgan1,Std_dev_(mps),0.0079477274150482
641,MinAbsEStateIndex,Std_dev_(mps),0.007914036138989387
642,VSA_EState5,Std_dev_(mps),0.007894352854266106
643,FractionCSP3,Std_dev_(mps),0.00788476395277573
644,NumHDonors,Std_dev_(mps),0.007883635406360834
645,fr_phenol,Std_dev_(mps),0.007883635406360834
646,fr_bicyclic,Std_dev_(mps),0.007883635406360834
647,fr_phenol_noOrthoHbond,Std_dev_(mps),0.007883635406360834
648,NHOHCount,Std_dev_(mps),0.007883635406360834
649,fr_Ar_OH,Std_dev_(mps),0.007883635406360834
650,SMR_VSA9,hydrophilic_section,0.007879184221909325
651,SlogP_VSA11,hydrophilic_section,0.007879184221909325
652,SlogP_VSA3,Full_molecule,0.007864180134907355
653,BCUT2D_CHGLO,sa,0.007860983698020305
654,BCUT2D_LOGPLOW,mean_particle_size_(mps),0.007843688082041332
655,VSA_EState10,Avg_roundness,0.007839981063851541
656,HallKierAlpha,mean_particle_size_(mps),0.007837610032307455
657,BCUT2D_CHGLO,mean_particle_size_(mps),0.007825332046072067
658,MaxAbsPartialCharge,Std_dev_(mps),0.00780624996719734
659,qed,Std_dev_(mps),0.007799240389736382
660,fr_aryl_methyl,Std_dev_(mps),0.007782960838330895
661,MaxPartialCharge,Std_dev_(mps),0.007739035284302311
662,MinAbsPartialCharge,Std_dev_(mps),0.007737730804285969
663,MinEStateIndex,Std_dev_(mps),0.0076605317669845765
664,EState_VSA4,Full_molecule,0.007654489901284214
665,HallKierAlpha,Area_Sphere_Substance,0.0076285538793052455
666,Chi3n,Full_molecule,0.007587820943441239
667,MinPartialCharge,Std_dev_(mps),0.007572941101418984
668,NumAliphaticHeterocycles,Conc of comp,0.007559173145792204
669,NumAliphaticRings,Conc of comp,0.007559173145792204
670,SlogP_VSA3,hydrophbic_section,0.007552162686101719
671,NumAromaticCarbocycles,hydrophbic_section,0.007535787956272485
672,fr_benzene,hydrophbic_section,0.007535787956272485
673,NumAromaticRings,hydrophbic_section,0.007535787956272485
674,PEOE_VSA10,Polar_dispersity,0.0075344683889979535
675,Chi0v,kur,0.007513443321136844
676,EState_VSA4,hydrophbic_section,0.007488793973595193
677,SlogP_VSA3,hydrophilic_section,0.0074795418611838475
678,EState_VSA4,hydrophilic_section,0.007449359774702751
679,PEOE_VSA10,Area_Sphere_Substance,0.00740234134648376
680,SMR_VSA7,sq,0.007228023639624523
681,NumHeteroatoms,Conc of comp,0.007223295039903279
682,EState_VSA4,Polar_dispersity,0.0071172679822742715
683,SMR_VSA9,Polar_dispersity,0.007071446691812825
684,SlogP_VSA11,Polar_dispersity,0.007071446691812825
685,NumAromaticCarbocycles,hydrophilic_section,0.007045730665560792
686,NumAromaticRings,hydrophilic_section,0.007045730665560792
687,fr_benzene,hydrophilic_section,0.007045730665560792
688,EState_VSA4,Area_Sphere_Substance,0.007018057609655358
689,BCUT2D_LOGPLOW,Std_dev_(mps),0.006986268324936088
690,Chi3v,Full_molecule,0.0069777961788687675
691,HallKierAlpha,Std_dev_(mps),0.006975095401656169
692,BCUT2D_CHGLO,Std_dev_(mps),0.006939080388888394
693,RingCount,hydrophbic_section,0.006909470035205091
694,SlogP_VSA3,Polar_dispersity,0.00687861784965422
695,Chi0,kur,0.00687622389012941
696,PEOE_VSA10,Conc of comp,0.006871500954043203
697,Chi4n,Polar_dispersity,0.006860560666539453
698,SMR_VSA9,Area_Sphere_Substance,0.006835354465424996
699,SlogP_VSA11,Area_Sphere_Substance,0.006835354465424996
700,Chi2n,Avg_roundness,0.006751927091312687
701,BCUT2D_LOGPLOW,kur,0.006737745817207372
702,SlogP_VSA3,Area_Sphere_Substance,0.006701449715340407
703,MolLogP,ssk,0.00667502664743058
704,Chi3n,hydrophbic_section,0.006634052647586458
705,RingCount,hydrophilic_section,0.006617634289597478
706,EState_VSA4,Conc of comp,0.006615733770436175
707,HallKierAlpha,Polar_dispersity,0.006515348379729412
708,Chi3n,hydrophilic_section,0.0064363203102945285
709,Chi3v,hydrophbic_section,0.006366706862277001
710,Chi4v,Polar_dispersity,0.006358078211034777
711,Chi3v,hydrophilic_section,0.0062332198733397355
712,Chi1n,ssk,0.006202396094457308
713,Kappa1,kur,0.0061971287034420924
714,NumValenceElectrons,avg,0.006147241915058353
715,SlogP_VSA3,Conc of comp,0.006004827332817552
716,Chi4n,Area_Sphere_Substance,0.0059845714125434536
717,SMR_VSA9,Conc of comp,0.005925363105347116
718,SlogP_VSA11,Conc of comp,0.005925363105347116
719,Chi4v,Area_Sphere_Substance,0.005898200318592556
720,Kappa2,ssk,0.005862799298352725
721,LabuteASA,hydrophilic,0.0058224649599220675
722,BCUT2D_CHGLO,kur,0.005810531647871726
723,VSA_EState10,Full_molecule,0.005684290626553161
724,Chi2n,Full_molecule,0.005420423094220799
725,Chi1n,Solvent,0.005374830048360981
726,PEOE_VSA6,T of solv,0.0053660511925198015
727,PEOE_VSA6,T of comp,0.0053660511925198015
728,NumValenceElectrons,hydrophilic,0.0053115294774590946
729,BCUT2D_LOGPLOW,Avg_area,0.005240205333256166
730,Chi3v,Polar_dispersity,0.005178246972188389
731,Chi2v,ssk,0.005166623885285278
732,Kappa2,Solvent,0.005127743885734326
733,VSA_EState10,hydrophbic_section,0.005072309477956642
734,Chi2n,hydrophbic_section,0.005014622307451787
735,HeavyAtomCount,kur,0.004962712505330049
736,VSA_EState10,hydrophilic_section,0.0049426117339580545
737,Chi3n,Polar_dispersity,0.004928969378501889
738,Chi2n,hydrophilic_section,0.004924632740889805
739,Chi3v,Area_Sphere_Substance,0.004877605119804544
740,MolLogP,Avg_area,0.004808612914833047
741,VSA_EState10,T of comp,0.00469977740076895
742,VSA_EState10,T of solv,0.00469977740076895
743,MolLogP,T of comp,0.004594453138286252
744,MolLogP,T of solv,0.004594453138286252
745,Chi1n,Avg_area,0.00458654500031164
746,SlogP_VSA12,sa,0.004555475379036752
747,BertzCT,avg,0.004534870183919356
748,Chi3n,Area_Sphere_Substance,0.004511246270613048
749,MolMR,hydrophilic,0.00450660021276741
750,RingCount,Polar_dispersity,0.004503388855987402
751,Chi2v,Solvent,0.0044990963549505535
752,MolLogP,Solvent,0.004418075761389456
753,BCUT2D_MRHI,T of comp,0.004396344416243463
754,BCUT2D_MRHI,T of solv,0.004396344416243463
755,SMR_VSA10,sa,0.004381054351929565
756,Kappa2,Avg_area,0.0043706110314472475
757,MinPartialCharge,ssk,0.004340010816897518
758,EState_VSA7,T of solv,0.0043369723644078075
759,EState_VSA7,T of comp,0.0043369723644078075
760,BertzCT,T of comp,0.004306901158336352
761,BertzCT,T of solv,0.004306901158336352
762,Chi4v,Conc of comp,0.004299271637400138
763,EState_VSA5,ssk,0.004209209236098407
764,Chi2n,Polar_dispersity,0.004204499233471548
765,MolMR,T of comp,0.004186926062690719
766,MolMR,T of solv,0.004186926062690719
767,BertzCT,sq,0.004092044632016075
768,EState_VSA5,Solvent,0.0040416152187505786
769,Chi1v,ssk,0.004034138541986613
770,Chi2n,Area_Sphere_Substance,0.003997063673409747
771,BertzCT,sa,0.003992919793771516
772,Chi1,ssk,0.0039410331923540685
773,RingCount,Area_Sphere_Substance,0.003940701579051167
774,LabuteASA,avg,0.003939448358191125
775,VSA_EState10,Polar_dispersity,0.003936280431129631
776,NumValenceElectrons,T of comp,0.00392298158652305
777,NumValenceElectrons,T of solv,0.00392298158652305
778,TPSA,hydrophilic,0.003910070950234643
779,FpDensityMorgan2,Polar_dispersity,0.003881810471491183
780,BertzCT,kur,0.003854148736348307
781,Chi2v,Avg_area,0.0038539050330031227
782,Chi1n,Avg_roundness,0.0038254648086331225
783,fr_benzene,Polar_dispersity,0.0038117967766396863
784,NumAromaticRings,Polar_dispersity,0.0038117967766396863
785,NumAromaticCarbocycles,Polar_dispersity,0.0038117967766396863
786,Chi3v,Conc of comp,0.0037925407965119407
787,BertzCT,ssk,0.0037891965950849656
788,Chi4v,T of solv,0.0037882511731812643
789,Chi4v,T of comp,0.0037882511731812643
790,BertzCT,Solvent,0.003786628886485114
791,BertzCT,Avg_roundness,0.0037749851567519875
792,BertzCT,Avg_area,0.003772096069064924
793,BertzCT,Full_molecule,0.003768081262427862
794,BertzCT,hydrophbic_section,0.003765636461983741
795,BertzCT,hydrophilic_section,0.00376503968952734
796,BertzCT,Polar_dispersity,0.0037599097587316084
797,BertzCT,Area_Sphere_Substance,0.0037583535994934916
798,BertzCT,Conc of comp,0.003751817317998874
799,BCUT2D_CHGLO,Avg_area,0.003730540606630932
800,Kappa2,Avg_roundness,0.003711327208325829
801,BCUT2D_LOGPHI,Solvent,0.0036684311727621355
802,VSA_EState10,Area_Sphere_Substance,0.0036529716336008025
803,SlogP_VSA6,sa,0.0036258435543365867
804,Chi1,Solvent,0.0036255449840092943
805,PEOE_VSA6,hydrophilic,0.0035958533979576377
806,EState_VSA5,Avg_area,0.003589095897327894
807,Chi1v,Solvent,0.0035729372778524446
808,EState_VSA5,Avg_roundness,0.003545387035033358
809,qed,hydrophilic_section,0.0034995241784998208
810,HallKierAlpha,hydrophilic_section,0.0034981301157394977
811,SlogP_VSA6,hydrophilic,0.0034765922341263664
812,PEOE_VSA9,hydrophilic,0.003476490111576077
813,EState_VSA2,hydrophilic,0.0034735915325042437
814,SMR_VSA5,hydrophilic,0.003450335881464958
815,SMR_VSA7,hydrophilic,0.003448051138709572
816,SlogP_VSA2,hydrophilic,0.0034080751696002193
817,Chi4n,Conc of comp,0.003359311679910561
818,EState_VSA8,hydrophilic,0.003331854734901749
819,SMR_VSA10,hydrophilic,0.0033276695828714153
820,SMR_VSA6,hydrophilic,0.0033145183335283835
821,EState_VSA5,Full_molecule,0.0032878423888143262
822,HeavyAtomCount,hydrophilic,0.003278998882296103
823,SlogP_VSA12,hydrophilic,0.0032671356394144155
824,HallKierAlpha,hydrophbic_section,0.0032399381838184374
825,Chi2v,Avg_roundness,0.0032386323091261405
826,Chi2n,Conc of comp,0.0032312132026827887
827,Chi0n,ssk,0.003230128638450089
828,BCUT2D_MWHI,hydrophilic,0.0032269912895170187
829,SlogP_VSA5,hydrophilic,0.0032251900895427215
830,EState_VSA4,hydrophilic,0.0032154556218961304
831,EState_VSA5,hydrophbic_section,0.0032011624928228307
832,EState_VSA5,hydrophilic,0.003196056487270497
833,Kappa1,hydrophilic,0.003195486332304959
834,EState_VSA9,hydrophilic,0.003195455837369398
835,PEOE_VSA7,hydrophilic,0.003194362276378884
836,SMR_VSA1,hydrophilic,0.003184236217617118
837,Chi0,hydrophilic,0.003182406429050306
838,EState_VSA5,hydrophilic_section,0.003180701439671961
839,Chi1n,Full_molecule,0.0031711637619270825
840,PEOE_VSA10,hydrophilic,0.003156737120223422
841,VSA_EState1,hydrophilic,0.0031540337832250344
842,Chi0v,hydrophilic,0.0031536608883925244
843,PEOE_VSA1,hydrophilic,0.0031337172598504726
844,Chi0n,hydrophilic,0.003131537152791143
845,VSA_EState3,hydrophilic,0.0031307824365410628
846,Chi1,Avg_area,0.003115996286108068
847,Chi3n,Conc of comp,0.0031074438536040122
848,Kappa2,Full_molecule,0.003103635890803945
849,Chi1,hydrophilic,0.0031001722856671588
850,MolWt,hydrophobic,0.0030952419928488052
851,SlogP_VSA3,hydrophilic,0.003091134007418304
852,ExactMolWt,hydrophobic,0.0030859362182277875
853,VSA_EState2,hydrophilic,0.003081780091407195
854,EState_VSA3,hydrophilic,0.0030712002057289066
855,EState_VSA10,hydrophilic,0.0030694754106971468
856,SPS,hydrophilic,0.003069461462704294
857,Chi1v,hydrophilic,0.003068095687924055
858,Chi1v,Avg_area,0.0030672741063400492
859,PEOE_VSA8,hydrophilic,0.003064694011587627
860,SlogP_VSA4,hydrophilic,0.003061460385079377
861,EState_VSA1,hydrophilic,0.0030599934430579887
862,SMR_VSA9,hydrophilic,0.0030576898908022832
863,SlogP_VSA11,hydrophilic,0.0030576898908022832
864,Chi2v,hydrophilic,0.003054459495977346
865,Kappa2,hydrophilic,0.0030539868939022776
866,Chi1n,hydrophilic,0.0030489272129626695
867,BCUT2D_MWLOW,hydrophilic,0.0030482526274855227
868,PEOE_VSA2,hydrophilic,0.0030446935192041387
869,NumHeteroatoms,hydrophilic,0.003040617255015272
870,FpDensityMorgan3,hydrophbic_section,0.0030400461815747073
871,VSA_EState6,hydrophilic,0.003036580342808245
872,Kappa3,hydrophilic,0.0030363473134773895
873,Chi2n,hydrophilic,0.0030285876708867135
874,VSA_EState8,hydrophilic,0.003024403432247451
875,NumHAcceptors,hydrophilic,0.003023662463842466
876,Chi0n,Solvent,0.0030232993888892265
877,MaxEStateIndex,hydrophilic,0.003023221140729017
878,MaxAbsEStateIndex,hydrophilic,0.003023221140729017
879,NumAromaticCarbocycles,Area_Sphere_Substance,0.003015724587526295
880,NumAromaticRings,Area_Sphere_Substance,0.003015724587526295
881,fr_benzene,Area_Sphere_Substance,0.003015724587526295
882,SlogP_VSA1,hydrophilic,0.0030150034430628486
883,Chi3v,hydrophilic,0.0030145633677714414
884,NOCount,hydrophilic,0.0030140430075293514
885,BCUT2D_MRHI,hydrophilic,0.0030132591862443497
886,EState_VSA5,Polar_dispersity,0.003009132065808608
887,MolLogP,hydrophilic,0.0030063859027465527
888,VSA_EState10,hydrophilic,0.0030041553350007035
889,SlogP_VSA10,hydrophilic,0.0030015086381233627
890,PEOE_VSA13,hydrophilic,0.0030015086381233627
891,Chi4v,hydrophilic,0.003000022465148505
892,Chi3n,hydrophilic,0.0029943982619845258
893,EState_VSA7,hydrophilic,0.002990560548996623
894,fr_ether,hydrophilic,0.0029804593222329343
895,RingCount,hydrophilic,0.0029804398093329016
896,Chi4n,hydrophilic,0.0029778315804419877
897,BCUT2D_LOGPHI,hydrophilic,0.0029687229044968624
898,fr_benzene,hydrophilic,0.0029685810696667464
899,NumAromaticCarbocycles,hydrophilic,0.0029685810696667464
900,NumAromaticRings,hydrophilic,0.0029685810696667464
901,AvgIpc,hydrophilic,0.0029682068245642543
902,BalabanJ,hydrophilic,0.0029677659277306707
903,Chi1n,hydrophbic_section,0.002967511234179215
904,BCUT2D_CHGHI,hydrophilic,0.002966438263115114
905,NumAliphaticRings,hydrophilic,0.0029591370168085504
906,NumAliphaticHeterocycles,hydrophilic,0.0029591370168085504
907,EState_VSA5,Area_Sphere_Substance,0.0029579585969602908
908,PEOE_VSA11,hydrophilic,0.0029574819736468056
909,FpDensityMorgan3,hydrophilic,0.0029573704209725445
910,fr_nitro_arom_nonortho,hydrophilic,0.002956785104275818
911,fr_nitro,hydrophilic,0.002956785104275818
912,NumRotatableBonds,hydrophilic,0.002956785104275818
913,fr_NH0,hydrophilic,0.002956785104275818
914,fr_nitro_arom,hydrophilic,0.002956785104275818
915,FpDensityMorgan2,hydrophilic,0.002955794493202848
916,VSA_EState4,hydrophilic,0.0029553143740160743
917,BCUT2D_MRLOW,hydrophilic,0.0029546094290438143
918,fr_halogen,hydrophilic,0.002954428301200799
919,fr_alkyl_halide,hydrophilic,0.002954428301200799
920,FpDensityMorgan1,hydrophilic,0.002953589287346285
921,MinAbsEStateIndex,hydrophilic,0.002952800763170886
922,VSA_EState5,hydrophilic,0.002952331097177966
923,FractionCSP3,hydrophilic,0.0029521223156868458
924,fr_Ar_OH,hydrophilic,0.002952074360738038
925,fr_phenol_noOrthoHbond,hydrophilic,0.002952074360738038
926,NumHDonors,hydrophilic,0.002952074360738038
927,NHOHCount,hydrophilic,0.002952074360738038
928,fr_phenol,hydrophilic,0.002952074360738038
929,fr_bicyclic,hydrophilic,0.002952074360738038
930,MaxAbsPartialCharge,hydrophilic,0.0029502789395934297
931,qed,hydrophilic,0.0029501138099659358
932,fr_aryl_methyl,hydrophilic,0.002949723279364213
933,MaxPartialCharge,hydrophilic,0.0029486862204260813
934,MinAbsPartialCharge,hydrophilic,0.002948655341945503
935,MinEStateIndex,hydrophilic,0.0029467865940426604
936,MinPartialCharge,hydrophilic,0.002944691591516465
937,BCUT2D_LOGPLOW,hydrophilic,0.0029299009130316633
938,HallKierAlpha,hydrophilic,0.0029294433039228534
939,BCUT2D_CHGLO,hydrophilic,0.002928662275570356
940,Chi1n,hydrophilic_section,0.0029218698766402904
941,Kappa2,hydrophbic_section,0.002913335136318018
942,NumValenceElectrons,sq,0.0028971426526991527
943,Chi1,Avg_roundness,0.0028943235115331278
944,Kappa2,hydrophilic_section,0.002870518277117146
945,SMR_VSA7,sa,0.0028641653889977174
946,FpDensityMorgan3,hydrophilic_section,0.0028385950752497693
947,HeavyAtomMolWt,hydrophobic,0.0027685708527306406
948,EState_VSA5,Conc of comp,0.0027522253106457644
949,MolMR,sq,0.0027463601679066792
950,FractionCSP3,Avg_roundness,0.0027113051366516035
951,Chi2v,Full_molecule,0.002701650056509889
952,VSA_EState10,Conc of comp,0.0026683971493136607
953,Chi1v,Avg_roundness,0.0026579246873853642
954,LabuteASA,T of comp,0.002641915530911402
955,LabuteASA,T of solv,0.002641915530911402
956,Chi0n,Avg_area,0.002626666807560817
957,Chi1n,Polar_dispersity,0.002552637683323794
958,Chi1,Full_molecule,0.0025498097852384256
959,Chi2v,hydrophbic_section,0.0025338287769774617
960,Kappa2,Polar_dispersity,0.0025231816354335775
961,Chi0n,Avg_roundness,0.0025046430743287367
962,MaxAbsPartialCharge,hydrophbic_section,0.0025004197470215855
963,Chi2v,hydrophilic_section,0.0024961496423362315
964,HeavyAtomCount,ssk,0.0024881263632828272
965,HallKierAlpha,Full_molecule,0.0024820611991314616
966,BCUT2D_MWLOW,kur,0.0024613659570071594
967,MinEStateIndex,Avg_roundness,0.0024520377978461357
968,NumValenceElectrons,sa,0.002445463272228409
969,Chi1n,Area_Sphere_Substance,0.002445147629201372
970,Chi3n,T of comp,0.0024389747589866305
971,Chi3n,T of solv,0.0024389747589866305
972,Chi1,hydrophbic_section,0.0024379589149639723
973,Chi0,ssk,0.002430817205044385
974,Kappa2,Area_Sphere_Substance,0.002421865598500696
975,Chi1,hydrophilic_section,0.0024122023909104997
976,HeavyAtomCount,Solvent,0.002411443962556545
977,MinAbsEStateIndex,Conc of comp,0.0023306990486701776
978,Kappa1,ssk,0.0023184494501392715
979,Chi0,Solvent,0.0023126925654298547
980,EState_VSA9,kur,0.0023009987407107595
981,Chi1v,Full_molecule,0.002256354689487878
982,Chi0n,Full_molecule,0.002251312378795428
983,RingCount,Conc of comp,0.0022450660669841283
984,Kappa1,Solvent,0.0022126918809237846
985,Chi1,Polar_dispersity,0.002199757019112842
986,Chi2v,Polar_dispersity,0.002190653776562735
987,HeavyAtomCount,Avg_area,0.0021824599660044885
988,HeavyAtomCount,Avg_roundness,0.002171535579128863
989,Chi0n,hydrophbic_section,0.0021679143592604985
990,Chi0v,ssk,0.0021593435338015782
991,Chi0n,hydrophilic_section,0.0021485378906835944
992,MolLogP,Avg_roundness,0.0021446241025384577
993,Chi1,Area_Sphere_Substance,0.0021370412300480636
994,PEOE_VSA6,sq,0.0021326924592036307
995,MolMR,sa,0.0021293647013134326
996,Chi1v,hydrophbic_section,0.0021293442116784413
997,Chi2v,Area_Sphere_Substance,0.0021015101374123497
998,Chi1v,hydrophilic_section,0.002100625491769958
999,HeavyAtomCount,Full_molecule,0.002043949318107866
1000,Chi0,Avg_area,0.0020423947013173834
1001,Chi1n,Conc of comp,0.002040936545628277
1002,Kappa2,Conc of comp,0.002038887168474085
1003,Chi0v,Solvent,0.0020301868110352236
1004,LabuteASA,sq,0.0020105906553072677
1005,HeavyAtomCount,hydrophbic_section,0.002000577489566445
1006,HeavyAtomCount,hydrophilic_section,0.001990281203884694
1007,Chi0,Avg_roundness,0.001989928399349458
1008,Chi0n,Polar_dispersity,0.001987666645842631
1009,Kappa1,Avg_area,0.0019613423827750014
1010,fr_aryl_methyl,Solvent,0.0019574974588566292
1011,Chi0n,Area_Sphere_Substance,0.0019399519044745064
1012,NumValenceElectrons,kur,0.001937766889811876
1013,HeavyAtomMolWt,avg,0.001931072082718447
1014,Kappa1,Avg_roundness,0.0019182157365393944
1015,HeavyAtomCount,Polar_dispersity,0.0019035005269049349
1016,Chi1,Conc of comp,0.0018925464461635375
1017,ExactMolWt,avg,0.0018869629680884844
1018,HeavyAtomCount,Area_Sphere_Substance,0.0018775044296905873
1019,Chi1v,Polar_dispersity,0.0018664482531422482
1020,MolWt,avg,0.0018651145693313336
1021,Chi0,Full_molecule,0.0018263171512392362
1022,Chi1v,Area_Sphere_Substance,0.0017977963810921417
1023,Chi0v,Avg_area,0.0017788654931821834
1024,HeavyAtomCount,Conc of comp,0.0017720870494946298
1025,Chi0,hydrophbic_section,0.0017716756290409273
1026,Kappa1,Full_molecule,0.0017678142459356552
1027,Chi2v,Conc of comp,0.0017650926795432984
1028,Chi0,hydrophilic_section,0.0017588637764946115
1029,Chi0n,Conc of comp,0.0017517110211091361
1030,NumValenceElectrons,ssk,0.0017363575225115815
1031,NumValenceElectrons,Solvent,0.001728594601165201
1032,LabuteASA,sa,0.0017285898854891909
1033,Kappa1,hydrophbic_section,0.0017174397854626418
1034,Kappa1,hydrophilic_section,0.001705606139986839
1035,Chi0v,Avg_roundness,0.001703028076853108
1036,NumValenceElectrons,Avg_roundness,0.0016958254829648647
1037,NumValenceElectrons,Avg_area,0.0016894600129185948
1038,HeavyAtomMolWt,T of solv,0.0016786601819571295
1039,HeavyAtomMolWt,T of comp,0.0016786601819571295
1040,NumValenceElectrons,Full_molecule,0.0016767383214250395
1041,NumValenceElectrons,hydrophbic_section,0.0016700238045330063
1042,NumValenceElectrons,hydrophilic_section,0.0016683923442457741
1043,NumValenceElectrons,Polar_dispersity,0.001654413103379619
1044,ExactMolWt,T of solv,0.0016543539741630461
1045,ExactMolWt,T of comp,0.0016543539741630461
1046,Chi0,Polar_dispersity,0.0016517600056470602
1047,NumValenceElectrons,Area_Sphere_Substance,0.0016501807911541437
1048,MolWt,T of solv,0.0016352300245016202
1049,MolWt,T of comp,0.0016352300245016202
1050,NumValenceElectrons,Conc of comp,0.0016325051745727862
1051,Chi0,Area_Sphere_Substance,0.0016198334777720918
1052,MinEStateIndex,Solvent,0.0016093506760079298
1053,Kappa1,Polar_dispersity,0.0016065448588855093
1054,Kappa1,Area_Sphere_Substance,0.0015769879575495641
1055,Chi0v,Full_molecule,0.0015416775660525939
1056,Chi1v,Conc of comp,0.001536045140409952
1057,HallKierAlpha,ssk,0.0015312245445180167
1058,MolMR,kur,0.0015123065968592974
1059,Chi0,Conc of comp,0.0014923170932869838
1060,HeavyAtomMolWt,sq,0.0014890608149724673
1061,Chi0v,hydrophbic_section,0.0014883154380300025
1062,MolLogP,Full_molecule,0.0014817312873852539
1063,ExactMolWt,sq,0.0014764345593030075
1064,Chi0v,hydrophilic_section,0.0014758945564734317
1065,FpDensityMorgan2,Area_Sphere_Substance,0.0014711709004367037
1066,MolWt,sq,0.0014594407056327697
1067,Kappa1,Conc of comp,0.001458644664124416
1068,MaxAbsPartialCharge,Solvent,0.0014351808717259662
1069,LabuteASA,kur,0.0014042379332602766
1070,HeavyAtomMolWt,sa,0.0014018830825581776
1071,ExactMolWt,sa,0.0013945609415310161
1072,MolWt,sa,0.0013785375313936986
1073,Chi0v,Polar_dispersity,0.0013725009688877066
1074,Chi0v,Area_Sphere_Substance,0.0013417463471986572
1075,MaxPartialCharge,Conc of comp,0.0013284296320680566
1076,MolLogP,hydrophbic_section,0.0013007799233976647
1077,MolMR,ssk,0.0012887024287954944
1078,HeavyAtomMolWt,kur,0.001287033926759617
1079,ExactMolWt,kur,0.001286133815636648
1080,MolMR,Solvent,0.001280206484788985
1081,LabuteASA,ssk,0.001273094262245449
1082,MolWt,kur,0.001271397197859126
1083,LabuteASA,Solvent,0.001268017666330832
1084,MolLogP,hydrophilic_section,0.0012639751611551204
1085,LabuteASA,Avg_roundness,0.0012464691950929852
1086,SlogP_VSA6,kur,0.0012462691256070815
1087,MolMR,Avg_roundness,0.0012456968772323828
1088,LabuteASA,Avg_area,0.001242197853155102
1089,MolMR,Avg_area,0.0012400277805431517
1090,ExactMolWt,ssk,0.0012373794158494164
1091,HeavyAtomMolWt,ssk,0.0012355911709927966
1092,ExactMolWt,Solvent,0.0012354612583115921
1093,LabuteASA,Full_molecule,0.0012338937450496689
1094,HeavyAtomMolWt,Solvent,0.0012335683550858882
1095,LabuteASA,hydrophbic_section,0.0012294664218814996
1096,LabuteASA,hydrophilic_section,0.001228390221218307
1097,ExactMolWt,Avg_roundness,0.0012269350425691207
1098,MolMR,Full_molecule,0.0012257839157830198
1099,ExactMolWt,Avg_area,0.0012249475660318458
1100,HeavyAtomMolWt,Avg_roundness,0.001224592724736957
1101,MolWt,ssk,0.0012232211381458745
1102,HeavyAtomMolWt,Avg_area,0.0012225123169548658
1103,ExactMolWt,Full_molecule,0.0012219022560653354
1104,MolWt,Solvent,0.001221325697694914
1105,ExactMolWt,hydrophbic_section,0.0012201229256719312
1106,Chi0v,Conc of comp,0.0012199304679041303
1107,ExactMolWt,hydrophilic_section,0.0012196891168816824
1108,HeavyAtomMolWt,Full_molecule,0.0012192969028461686
1109,LabuteASA,Polar_dispersity,0.0012191648454824408
1110,MolMR,hydrophbic_section,0.0012188025801152835
1111,HeavyAtomMolWt,hydrophbic_section,0.0012174248696096845
1112,MolMR,hydrophilic_section,0.0012171105457735368
1113,HeavyAtomMolWt,hydrophilic_section,0.0012169685099341302
1114,LabuteASA,Area_Sphere_Substance,0.001216370784973348
1115,ExactMolWt,Polar_dispersity,0.0012159628672894912
1116,ExactMolWt,Area_Sphere_Substance,0.0012148329493332033
1117,VSA_EState6,ssk,0.0012134698061863174
1118,HeavyAtomMolWt,Polar_dispersity,0.0012130488525942766
1119,MolWt,Avg_roundness,0.0012129007422507381
1120,HeavyAtomMolWt,Area_Sphere_Substance,0.001211860339856762
1121,MolWt,Avg_area,0.0012109371100646738
1122,ExactMolWt,Conc of comp,0.001210093592845796
1123,MolWt,Full_molecule,0.0012079277312774946
1124,HeavyAtomMolWt,Conc of comp,0.0012068758840062168
1125,MolWt,hydrophbic_section,0.0012061695328715516
1126,MolWt,hydrophilic_section,0.0012057408766188787
1127,LabuteASA,Conc of comp,0.001204693810123853
1128,MolMR,Polar_dispersity,0.00120263518372853
1129,MolWt,Polar_dispersity,0.0012020588816606527
1130,MolWt,Area_Sphere_Substance,0.0012009423807062894
1131,MolMR,Area_Sphere_Substance,0.0011982562582352335
1132,MolWt,Conc of comp,0.0011962592972112867
1133,HallKierAlpha,Avg_roundness,0.001182911318227137
1134,MolMR,Conc of comp,0.0011800215644295316
1135,qed,Solvent,0.0011614200812847181
1136,NumAromaticCarbocycles,Conc of comp,0.0011174596370911694
1137,fr_benzene,Conc of comp,0.0011174596370911694
1138,NumAromaticRings,Conc of comp,0.0011174596370911694
1139,SPS,kur,0.001096440677259819
1140,fr_ether,T of comp,0.0010959617955944418
1141,fr_ether,T of solv,0.0010959617955944418
1142,MolLogP,Polar_dispersity,0.0009804699761100566
1143,PEOE_VSA6,sa,0.0009498413557117151
1144,VSA_EState6,Avg_area,0.0009375402361864821
1145,LabuteASA,hydrophobic,0.0009169001999913243
1146,AvgIpc,Avg_roundness,0.0009151173987213367
1147,RingCount,T of comp,0.0009106174083065077
1148,RingCount,T of solv,0.0009106174083065077
1149,VSA_EState6,Solvent,0.0009002257737040545
1150,MolLogP,Area_Sphere_Substance,0.0008999440696001503
1151,FpDensityMorgan3,Polar_dispersity,0.0008946264053136314
1152,SMR_VSA7,kur,0.0008538381272402783
1153,NumValenceElectrons,hydrophobic,0.000827686393483689
1154,SMR_VSA10,kur,0.0007939175706020088
1155,Chi4n,T of solv,0.0007846987676603268
1156,Chi4n,T of comp,0.0007846987676603268
1157,SlogP_VSA6,ssk,0.0007619384269582677
1158,SlogP_VSA6,Solvent,0.0007455490770314828
1159,MaxEStateIndex,ssk,0.0007049377669095793
1160,MaxAbsEStateIndex,ssk,0.0007049377669095793
1161,SlogP_VSA6,Avg_area,0.0006916208644833527
1162,SlogP_VSA6,Avg_roundness,0.0006913390616636867
1163,MolMR,hydrophobic,0.0006889696837800176
1164,EState_VSA9,ssk,0.0006789231780539033
1165,SlogP_VSA6,Full_molecule,0.000661733667005489
1166,SlogP_VSA6,hydrophbic_section,0.0006515555417867982
1167,SlogP_VSA6,hydrophilic_section,0.0006491250587301734
1168,EState_VSA9,Solvent,0.0006392700807766809
1169,SlogP_VSA6,Polar_dispersity,0.0006285165955677065
1170,MolLogP,Conc of comp,0.0006285057122552011
1171,MinPartialCharge,Conc of comp,0.0006236792701363947
1172,SlogP_VSA6,Area_Sphere_Substance,0.0006223091389239529
1173,MaxAbsEStateIndex,Avg_area,0.0006031753401198867
1174,MaxEStateIndex,Avg_area,0.0006031753401198867
1175,SlogP_VSA6,Conc of comp,0.0005968911809353083
1176,TPSA,hydrophobic,0.0005907957568893011
1177,HallKierAlpha,Solvent,0.0005810184217471619
1178,BCUT2D_MWHI,sa,0.0005725725897600431
1179,EState_VSA9,Avg_area,0.0005693569080000023
1180,EState_VSA9,Avg_roundness,0.0005421538395194211
1181,PEOE_VSA6,hydrophobic,0.0005374431008637106
1182,VSA_EState6,Avg_roundness,0.0005341260266642994
1183,PEOE_VSA9,hydrophobic,0.0005185386540575477
1184,EState_VSA2,hydrophobic,0.0005183889359490674
1185,SlogP_VSA6,hydrophobic,0.0005181799751558586
1186,SMR_VSA5,hydrophobic,0.0005143202259543134
1187,SMR_VSA7,hydrophobic,0.0005135326114698731
1188,SlogP_VSA2,hydrophobic,0.0005073860456427913
1189,EState_VSA8,hydrophobic,0.000495241603917184
1190,EState_VSA9,Full_molecule,0.0004941300559791258
1191,SMR_VSA10,hydrophobic,0.0004941047813759266
1192,SMR_VSA6,hydrophobic,0.0004922394582553366
1193,SMR_VSA7,ssk,0.0004899730012020526
1194,HeavyAtomCount,hydrophobic,0.0004863423081620028
1195,SlogP_VSA12,hydrophobic,0.00048436528494260776
1196,EState_VSA9,hydrophbic_section,0.00047818521729795524
1197,SlogP_VSA5,hydrophobic,0.00047797665373998556
1198,SMR_VSA7,Solvent,0.0004779310254453786
1199,BCUT2D_MWHI,hydrophobic,0.0004778944050666921
1200,EState_VSA4,hydrophobic,0.0004761837245139996
1201,EState_VSA9,hydrophilic_section,0.0004744786866556952
1202,EState_VSA5,hydrophobic,0.0004730405031258594
1203,PEOE_VSA7,hydrophobic,0.0004729629568324826
1204,Kappa1,hydrophobic,0.00047293426459777126
1205,EState_VSA9,hydrophobic,0.00047290764460184234
1206,SMR_VSA1,hydrophobic,0.0004712018447243432
1207,Chi0,hydrophobic,0.00047084070787609545
1208,PEOE_VSA10,hydrophobic,0.000466766390673272
1209,VSA_EState1,hydrophobic,0.0004663598596891988
1210,Chi0v,hydrophobic,0.0004662405151908134
1211,PEOE_VSA1,hydrophobic,0.0004630867474962238
1212,Chi0n,hydrophobic,0.00046271128374689765
1213,VSA_EState3,hydrophobic,0.0004626253938877804
1214,fr_aryl_methyl,Avg_roundness,0.0004586682771558783
1215,Chi1,hydrophobic,0.0004577077968455807
1216,SlogP_VSA3,hydrophobic,0.00045627852418214464
1217,VSA_EState2,hydrophobic,0.0004548275554961098
1218,EState_VSA3,hydrophobic,0.00045315932528821245
1219,EState_VSA10,hydrophobic,0.0004528462324489952
1220,SPS,hydrophobic,0.0004527969613685196
1221,Chi1v,hydrophobic,0.00045259682920275235
1222,PEOE_VSA8,hydrophobic,0.00045211692061440813
1223,SlogP_VSA4,hydrophobic,0.00045157426188510084
1224,EState_VSA1,hydrophobic,0.00045134808149487353
1225,SMR_VSA9,hydrophobic,0.00045094865609217295
1226,SlogP_VSA11,hydrophobic,0.00045094865609217295
1227,Chi2v,hydrophobic,0.00045042785683190506
1228,Kappa2,hydrophobic,0.0004503533015252824
1229,Chi1n,hydrophobic,0.00044954858657903933
1230,BCUT2D_MWLOW,hydrophobic,0.0004494267009664089
1231,PEOE_VSA2,hydrophobic,0.00044891685650945103
1232,NumHeteroatoms,hydrophobic,0.0004482329593360928
1233,VSA_EState6,hydrophobic,0.0004475809862216221
1234,Kappa3,hydrophobic,0.00044754166584140667
1235,Chi2n,hydrophobic,0.0004463170586786738
1236,VSA_EState8,hydrophobic,0.0004456680135733222
1237,NumHAcceptors,hydrophobic,0.0004455396651784224
1238,MaxAbsEStateIndex,hydrophobic,0.000445458861591981
1239,MaxEStateIndex,hydrophobic,0.000445458861591981
1240,SlogP_VSA1,hydrophobic,0.0004441628987560116
1241,Chi3v,hydrophobic,0.00044408991072052823
1242,NOCount,hydrophobic,0.00044401405011439127
1243,BCUT2D_MRHI,hydrophobic,0.0004438756247654273
1244,EState_VSA9,Polar_dispersity,0.0004435215485354414
1245,MolLogP,hydrophobic,0.0004427895322253336
1246,VSA_EState10,hydrophobic,0.0004424372538863976
1247,PEOE_VSA13,hydrophobic,0.00044202994658376496
1248,SlogP_VSA10,hydrophobic,0.00044202994658376496
1249,Chi4v,hydrophobic,0.0004417821828908455
1250,SMR_VSA7,Avg_area,0.00044161825900419224
1251,SlogP_VSA12,kur,0.00044121296514288674
1252,Chi3n,hydrophobic,0.0004408896252635858
1253,EState_VSA7,hydrophobic,0.00044028896380240426
1254,SMR_VSA7,Avg_roundness,0.00043984270088552233
1255,fr_ether,hydrophobic,0.0004386809493156732
1256,RingCount,hydrophobic,0.00043867654013488933
1257,Chi4n,hydrophobic,0.0004382634107059783
1258,BCUT2D_LOGPHI,hydrophobic,0.0004368196904906923
1259,fr_benzene,hydrophobic,0.00043679778011125635
1260,NumAromaticRings,hydrophobic,0.00043679778011125635
1261,NumAromaticCarbocycles,hydrophobic,0.00043679778011125635
1262,AvgIpc,hydrophobic,0.00043673815662562647
1263,BalabanJ,hydrophobic,0.0004366682378654089
1264,BCUT2D_CHGHI,hydrophobic,0.00043645802691251494
1265,NumAliphaticHeterocycles,hydrophobic,0.0004353026982652214
1266,NumAliphaticRings,hydrophobic,0.0004353026982652214
1267,PEOE_VSA11,hydrophobic,0.0004350410936984532
1268,FpDensityMorgan3,hydrophobic,0.0004350228775765075
1269,NumRotatableBonds,hydrophobic,0.0004349307369437111
1270,fr_nitro_arom_nonortho,hydrophobic,0.0004349307369437111
1271,fr_nitro_arom,hydrophobic,0.0004349307369437111
1272,fr_nitro,hydrophobic,0.0004349307369437111
1273,fr_NH0,hydrophobic,0.0004349307369437111
1274,FpDensityMorgan2,hydrophobic,0.0004347734924169238
1275,VSA_EState4,hydrophobic,0.00043469813622203947
1276,BCUT2D_MRLOW,hydrophobic,0.0004345861052169475
1277,fr_halogen,hydrophobic,0.00043455757348495
1278,fr_alkyl_halide,hydrophobic,0.00043455757348495
1279,FpDensityMorgan1,hydrophobic,0.00043442454331591563
1280,MinAbsEStateIndex,hydrophobic,0.000434299803691876
1281,EState_VSA9,Area_Sphere_Substance,0.00043425996186408024
1282,VSA_EState5,hydrophobic,0.00043422554661558477
1283,FractionCSP3,hydrophobic,0.000434192431966773
1284,NumHDonors,hydrophobic,0.00043418495831823906
1285,fr_Ar_OH,hydrophobic,0.00043418495831823906
1286,fr_phenol_noOrthoHbond,hydrophobic,0.00043418495831823906
1287,NHOHCount,hydrophobic,0.00043418495831823906
1288,fr_phenol,hydrophobic,0.00043418495831823906
1289,fr_bicyclic,hydrophobic,0.00043418495831823906
1290,MaxAbsPartialCharge,hydrophobic,0.0004339007740129714
1291,qed,hydrophobic,0.00043387464670943427
1292,fr_aryl_methyl,hydrophobic,0.0004338128906311249
1293,MaxPartialCharge,hydrophobic,0.00043364879428219055
1294,MinAbsPartialCharge,hydrophobic,0.00043364390837812456
1295,MinEStateIndex,hydrophobic,0.00043334839850092254
1296,MinPartialCharge,hydrophobic,0.00043301689088981194
1297,MaxAbsEStateIndex,Solvent,0.0004320529537828179
1298,MaxEStateIndex,Solvent,0.0004320529537828179
1299,BCUT2D_LOGPLOW,hydrophobic,0.0004306779096331649
1300,HallKierAlpha,hydrophobic,0.00043060641414511695
1301,BCUT2D_CHGLO,hydrophobic,0.00043048208240375194
1302,SMR_VSA7,Full_molecule,0.00041925578396336585
1303,NumAromaticRings,T of solv,0.00041465935964568005
1304,NumAromaticRings,T of comp,0.00041465935964568005
1305,NumAromaticCarbocycles,T of comp,0.00041465935964568005
1306,fr_benzene,T of solv,0.00041465935964568005
1307,NumAromaticCarbocycles,T of solv,0.00041465935964568005
1308,fr_benzene,T of comp,0.00041465935964568005
1309,SMR_VSA7,hydrophbic_section,0.0004122000622091906
1310,SMR_VSA7,hydrophilic_section,0.0004105205603546066
1311,VSA_EState6,Full_molecule,0.0004084782829240669
1312,EState_VSA9,Conc of comp,0.0003974483512972599
1313,SMR_VSA7,Polar_dispersity,0.00039629521584617526
1314,SMR_VSA7,Area_Sphere_Substance,0.0003920091595063364
1315,BCUT2D_LOGPHI,T of comp,0.00038216803239533083
1316,BCUT2D_LOGPHI,T of solv,0.00038216803239533083
1317,AvgIpc,T of solv,0.0003821606404051875
1318,AvgIpc,T of comp,0.0003821606404051875
1319,SMR_VSA7,Conc of comp,0.0003745051400218473
1320,VSA_EState6,hydrophbic_section,0.0003716939615525278
1321,BalabanJ,T of solv,0.0003657908516287196
1322,BalabanJ,T of comp,0.0003657908516287196
1323,VSA_EState6,hydrophilic_section,0.00036394153566174625
1324,SMR_VSA10,ssk,0.000357730439042559
1325,FpDensityMorgan3,Area_Sphere_Substance,0.00035678929861672086
1326,MaxPartialCharge,Solvent,0.0003461078188192691
1327,SMR_VSA10,Solvent,0.0003446807931745773
1328,PEOE_VSA6,kur,0.00034224241186825557
1329,BCUT2D_CHGHI,T of comp,0.00033852223844751424
1330,BCUT2D_CHGHI,T of solv,0.00033852223844751424
1331,MinAbsPartialCharge,Solvent,0.0003261919182933098
1332,SMR_VSA10,Avg_area,0.00031389474636299794
1333,SMR_VSA10,Avg_roundness,0.0003080851351898874
1334,VSA_EState6,Polar_dispersity,0.00030224466264931125
1335,SMR_VSA10,Full_molecule,0.00028898163099074447
1336,VSA_EState6,Area_Sphere_Substance,0.00028415167353467835
1337,SMR_VSA10,hydrophbic_section,0.000282509638566711
1338,SMR_VSA10,hydrophilic_section,0.0002809842768760232
1339,SMR_VSA10,Polar_dispersity,0.00026812515072747724
1340,MinPartialCharge,Area_Sphere_Substance,0.000264735176115953
1341,SMR_VSA10,Area_Sphere_Substance,0.0002642552192128396
1342,SMR_VSA10,Conc of comp,0.0002486060453276945
1343,NumAliphaticHeterocycles,T of solv,0.00024205484797899855
1344,NumAliphaticHeterocycles,T of comp,0.00024205484797899855
1345,NumAliphaticRings,T of solv,0.00024205484797899855
1346,NumAliphaticRings,T of comp,0.00024205484797899855
1347,PEOE_VSA11,T of solv,0.00023413159069745305
1348,PEOE_VSA11,T of comp,0.00023413159069745305
1349,Kappa3,ssk,0.00023224115991254775
1350,NumRotatableBonds,T of comp,0.00022277424559708885
1351,fr_NH0,T of comp,0.00022277424559708885
1352,fr_nitro_arom,T of solv,0.00022277424559708885
1353,fr_nitro_arom,T of comp,0.00022277424559708885
1354,fr_nitro_arom_nonortho,T of solv,0.00022277424559708885
1355,fr_NH0,T of solv,0.00022277424559708885
1356,NumRotatableBonds,T of solv,0.00022277424559708885
1357,fr_nitro,T of solv,0.00022277424559708885
1358,fr_nitro,T of comp,0.00022277424559708885
1359,fr_nitro_arom_nonortho,T of comp,0.00022277424559708885
1360,VSA_EState6,Conc of comp,0.00021946556591473146
1361,PEOE_VSA6,ssk,0.0002158077301913568
1362,MaxAbsEStateIndex,Avg_roundness,0.00021148075960758414
1363,MaxEStateIndex,Avg_roundness,0.00021148075960758414
1364,PEOE_VSA6,Solvent,0.00021143517848212578
1365,FpDensityMorgan3,T of solv,0.00021127542273931816
1366,FpDensityMorgan3,T of comp,0.00021127542273931816
1367,VSA_EState4,T of solv,0.0002110177117492401
1368,VSA_EState4,T of comp,0.0002110177117492401
1369,Kappa3,Avg_area,0.00020966493277835537
1370,qed,hydrophbic_section,0.00020861358799118405
1371,PEOE_VSA6,Avg_area,0.00019768875397853402
1372,MinPartialCharge,Polar_dispersity,0.00019765975220826756
1373,PEOE_VSA6,Avg_roundness,0.000197266602877857
1374,MaxAbsPartialCharge,Full_molecule,0.00019530610973057162
1375,FpDensityMorgan2,T of solv,0.00019441615593929432
1376,FpDensityMorgan2,T of comp,0.00019441615593929432
1377,fr_alkyl_halide,T of solv,0.00018955694313666052
1378,fr_alkyl_halide,T of comp,0.00018955694313666052
1379,fr_halogen,T of solv,0.00018955694313666052
1380,fr_halogen,T of comp,0.00018955694313666052
1381,PEOE_VSA6,Full_molecule,0.00018951270315597634
1382,EState_VSA2,Comp,0.00018909338404767586
1383,BCUT2D_MRLOW,T of comp,0.0001870922530945012
1384,BCUT2D_MRLOW,T of solv,0.0001870922530945012
1385,PEOE_VSA6,hydrophbic_section,0.000186840952275747
1386,PEOE_VSA6,hydrophilic_section,0.00018620329007404946
1387,PEOE_VSA6,Polar_dispersity,0.0001807866151877304
1388,PEOE_VSA6,Area_Sphere_Substance,0.00017915009308816878
1389,AvgIpc,Full_molecule,0.00017398954213275678
1390,FpDensityMorgan1,T of comp,0.0001729568178379052
1391,FpDensityMorgan1,T of solv,0.0001729568178379052
1392,PEOE_VSA6,Conc of comp,0.00017243572905783605
1393,MinAbsEStateIndex,T of comp,0.00016675054372785055
1394,MinAbsEStateIndex,T of solv,0.00016675054372785055
1395,VSA_EState5,T of comp,0.00016431850889648034
1396,VSA_EState5,T of solv,0.00016431850889648034
1397,MinAbsPartialCharge,Conc of comp,0.00016414831024438156
1398,fr_Ar_OH,T of solv,0.0001630873750542628
1399,NHOHCount,T of comp,0.0001630873750542628
1400,NHOHCount,T of solv,0.0001630873750542628
1401,fr_phenol,T of comp,0.0001630873750542628
1402,fr_phenol,T of solv,0.0001630873750542628
1403,fr_bicyclic,T of solv,0.0001630873750542628
1404,fr_Ar_OH,T of comp,0.0001630873750542628
1405,fr_phenol_noOrthoHbond,T of solv,0.0001630873750542628
1406,NumHDonors,T of comp,0.0001630873750542628
1407,fr_phenol_noOrthoHbond,T of comp,0.0001630873750542628
1408,NumHDonors,T of solv,0.0001630873750542628
1409,fr_bicyclic,T of comp,0.0001630873750542628
1410,FractionCSP3,T of solv,0.00016021561875750217
1411,FractionCSP3,T of comp,0.00016021561875750217
1412,MaxEStateIndex,Full_molecule,0.00014974238793347974
1413,MaxAbsEStateIndex,Full_molecule,0.00014974238793347974
1414,Kappa3,Solvent,0.00014627123187262357
1415,MaxAbsPartialCharge,T of comp,0.00014539641688255092
1416,MaxAbsPartialCharge,T of solv,0.00014539641688255092
1417,SlogP_VSA12,ssk,0.00014444017477799448
1418,qed,T of comp,0.00014410144186064377
1419,qed,T of solv,0.00014410144186064377
1420,fr_aryl_methyl,T of solv,0.0001419591413171774
1421,fr_aryl_methyl,T of comp,0.0001419591413171774
1422,SlogP_VSA12,Solvent,0.0001367413264278326
1423,MaxAbsPartialCharge,Conc of comp,0.0001348188801315961
1424,MaxPartialCharge,T of solv,0.00013384505700969452
1425,MaxPartialCharge,T of comp,0.00013384505700969452
1426,MinAbsPartialCharge,T of comp,0.0001336104158022698
1427,MinAbsPartialCharge,T of solv,0.0001336104158022698
1428,MaxEStateIndex,hydrophbic_section,0.00013268208950949114
1429,MaxAbsEStateIndex,hydrophbic_section,0.00013268208950949114
1430,MaxEStateIndex,hydrophilic_section,0.00012930287851638955
1431,MaxAbsEStateIndex,hydrophilic_section,0.00012930287851638955
1432,SlogP_VSA12,Avg_area,0.000124366755648701
1433,MinEStateIndex,T of solv,0.00012399573352913192
1434,MinEStateIndex,T of comp,0.00012399573352913192
1435,FractionCSP3,Conc of comp,0.00012131340665669345
1436,SlogP_VSA12,Avg_roundness,0.00011833230143321437
1437,MinPartialCharge,T of comp,0.00010917600844644619
1438,MinPartialCharge,T of solv,0.00010917600844644619
1439,SlogP_VSA12,Full_molecule,0.00010913139866093586
1440,SlogP_VSA12,hydrophbic_section,0.00010605309886002208
1441,SlogP_VSA12,hydrophilic_section,0.0001053375016250066
1442,MaxEStateIndex,Polar_dispersity,0.00010270410430094831
1443,MaxAbsEStateIndex,Polar_dispersity,0.00010270410430094831
1444,SlogP_VSA12,Polar_dispersity,9.932809330727426e-05
1445,AvgIpc,hydrophbic_section,9.907372287246777e-05
1446,SlogP_VSA12,Area_Sphere_Substance,9.751549499318609e-05
1447,MaxEStateIndex,Area_Sphere_Substance,9.480668610022154e-05
1448,MaxAbsEStateIndex,Area_Sphere_Substance,9.480668610022154e-05
1449,AvgIpc,hydrophilic_section,9.346516124595891e-05
1450,SlogP_VSA12,Conc of comp,9.026336583449787e-05
1451,Kappa3,Avg_roundness,7.658049960840753e-05
1452,MaxEStateIndex,Conc of comp,6.788392976201781e-05
1453,MaxAbsEStateIndex,Conc of comp,6.788392976201781e-05
1454,HallKierAlpha,T of comp,5.95619360227487e-05
1455,HallKierAlpha,T of solv,5.95619360227487e-05
1456,Kappa3,Full_molecule,5.619751455981246e-05
1457,BCUT2D_LOGPLOW,T of comp,5.186491494525978e-05
1458,BCUT2D_LOGPLOW,T of solv,5.186491494525978e-05
1459,Kappa3,hydrophbic_section,5.042489981142223e-05
1460,Kappa3,hydrophilic_section,4.927744824549109e-05
1461,BCUT2D_CHGLO,T of comp,4.873993545611138e-05
1462,BCUT2D_CHGLO,T of solv,4.873993545611138e-05
1463,AvgIpc,Polar_dispersity,4.7306476898357194e-05
1464,Kappa3,Polar_dispersity,4.010987071694654e-05
1465,Kappa3,Area_Sphere_Substance,3.733106062074544e-05
1466,AvgIpc,Area_Sphere_Substance,3.1381005656208144e-05
1467,PEOE_VSA9,Comp,2.9919046880228828e-05
1468,Kappa3,Conc of comp,2.7665298524399157e-05
1469,qed,Conc of comp,2.354281671478503e-05
1470,SMR_VSA5,Comp,2.254471921984074e-05
1471,MinPartialCharge,Solvent,2.2321998920806144e-05
1472,FpDensityMorgan1,Conc of comp,1.9282549331025112e-05
1473,qed,Full_molecule,1.528960970463607e-05
1474,BCUT2D_LOGPLOW,ssk,1.4419407660689079e-05
1475,FpDensityMorgan2,Conc of comp,1.2544041260189906e-05
1476,BCUT2D_CHGLO,ssk,9.059768322326899e-06
1477,MaxPartialCharge,hydrophilic_section,6.838495207573411e-06
1478,BCUT2D_MRHI,Avg_area,5.949029129297392e-06
1479,BalabanJ,Avg_roundness,5.740542097044737e-06
1480,AvgIpc,Conc of comp,5.603736628825253e-06
1481,EState_VSA8,Comp,5.521592850094782e-06
1482,FpDensityMorgan3,Conc of comp,4.83948882795693e-06
1483,SlogP_VSA2,Comp,4.37586372592835e-06
1484,BCUT2D_MWHI,kur,2.216774565532693e-06
1485,MinAbsPartialCharge,hydrophilic_section,2.0345383839876626e-06
1486,PEOE_VSA6,Comp,1.859666174059158e-06
1487,MaxAbsPartialCharge,Avg_roundness,1.697265290705504e-06
1488,SPS,Avg_area,8.909850716105677e-07
1489,SPS,ssk,5.221857115476929e-07
1490,BalabanJ,Full_molecule,5.002106579804211e-07
1491,BCUT2D_MRHI,ssk,4.145273585644423e-07
1492,SlogP_VSA6,Comp,3.096838677238944e-07
1493,SMR_VSA6,Comp,3.076663693274536e-07
1494,BalabanJ,Polar_dispersity,2.697700557212486e-07
1495,BalabanJ,hydrophilic_section,2.578860113367414e-07
1496,SPS,Solvent,2.3262039890235576e-07
1497,qed,Avg_roundness,2.3050977841029146e-07
1498,BalabanJ,hydrophbic_section,2.295153777770782e-07
1499,SlogP_VSA5,Comp,2.114752942937638e-07
1500,BalabanJ,Area_Sphere_Substance,1.356222021203514e-07
1501,SPS,Avg_roundness,1.1280706825975335e-07
1502,BCUT2D_MWHI,Avg_area,9.183417224127384e-08
1503,BCUT2D_MWHI,ssk,8.995900675955492e-08
1504,SPS,Full_molecule,8.531611480488972e-08
1505,SPS,hydrophbic_section,7.741493062093706e-08
1506,SPS,hydrophilic_section,7.611736784076936e-08
1507,BCUT2D_MWHI,Solvent,7.312037811559921e-08
1508,SMR_VSA7,Comp,6.518844603204592e-08
1509,SPS,Polar_dispersity,6.469332698702014e-08
1510,SPS,Area_Sphere_Substance,6.04245596946308e-08
1511,MinPartialCharge,hydrophilic_section,5.881320734010589e-08
1512,BCUT2D_MWHI,Avg_roundness,5.65210187547904e-08
1513,BCUT2D_MWHI,Full_molecule,5.00885695909743e-08
1514,BCUT2D_MWHI,hydrophbic_section,4.800607974834026e-08
1515,BCUT2D_MWHI,hydrophilic_section,4.757836077491849e-08
1516,SPS,Conc of comp,4.547128633344503e-08
1517,BCUT2D_MWHI,Polar_dispersity,4.3894820514647834e-08
1518,BCUT2D_MWHI,Area_Sphere_Substance,4.266519818671194e-08
1519,MaxPartialCharge,hydrophbic_section,3.849961175231629e-08
1520,BCUT2D_MWHI,Conc of comp,3.788308991555418e-08
1521,PEOE_VSA7,Comp,2.9652389543932442e-08
1522,BCUT2D_MWLOW,Avg_area,1.1771742214406877e-08
1523,MaxPartialCharge,Full_molecule,1.0794034164412266e-08
1524,BCUT2D_CHGHI,Avg_roundness,1.0706949641309774e-08
1525,BCUT2D_LOGPLOW,Solvent,9.40543184527123e-09
1526,BalabanJ,Conc of comp,6.555371160461474e-09
1527,MinPartialCharge,hydrophbic_section,6.369092133638532e-09
1528,BCUT2D_MRHI,Solvent,5.340564663122954e-09
1529,BCUT2D_CHGLO,Solvent,4.724396929370799e-09
1530,BCUT2D_CHGHI,Polar_dispersity,3.22080835981221e-09
1531,MinPartialCharge,Full_molecule,2.540409576922367e-09
1532,MaxPartialCharge,Avg_roundness,2.2843961701680767e-09
1533,BCUT2D_LOGPHI,Avg_roundness,1.7576316918840262e-09
1534,MinAbsPartialCharge,hydrophbic_section,1.6124016880500712e-09
1535,MinAbsPartialCharge,Full_molecule,9.590788572325221e-10
1536,HeavyAtomCount,Comp,9.383516913318349e-10
1537,BCUT2D_CHGHI,Area_Sphere_Substance,9.361374809588611e-10
1538,BCUT2D_LOGPHI,Polar_dispersity,8.36884621395915e-10
1539,MinAbsPartialCharge,Avg_roundness,6.831882570247688e-10
1540,MinPartialCharge,Avg_roundness,5.30109528323688e-10
1541,EState_VSA4,Comp,4.100395826588729e-10
1542,SMR_VSA10,Comp,3.998819658075172e-10
1543,SMR_VSA1,Comp,2.939634350416037e-10
1544,BCUT2D_LOGPHI,Area_Sphere_Substance,2.656659617186995e-10
1545,BCUT2D_CHGHI,Full_molecule,2.2037612568114847e-10
1546,BCUT2D_CHGHI,hydrophilic_section,1.916416839851146e-10
1547,BCUT2D_MRHI,Avg_roundness,1.7465653560643042e-10
1548,BCUT2D_LOGPLOW,Polar_dispersity,1.6224769820918455e-10
1549,BCUT2D_MWLOW,ssk,1.4989992580397638e-10
1550,BCUT2D_LOGPLOW,Area_Sphere_Substance,1.0776232766923856e-10
1551,BCUT2D_MRHI,Full_molecule,9.185006132326035e-11
1552,BCUT2D_MRHI,hydrophilic_section,7.599386346123954e-11
1553,BCUT2D_MRHI,Polar_dispersity,7.552968672498473e-11
1554,BCUT2D_MRHI,hydrophbic_section,7.413780391010011e-11
1555,BCUT2D_CHGHI,hydrophbic_section,6.828643351083076e-11
1556,BCUT2D_MRHI,Area_Sphere_Substance,6.118122993196491e-11
1557,BCUT2D_LOGPHI,Full_molecule,6.088274794833903e-11
1558,BCUT2D_LOGPHI,hydrophilic_section,5.55248639413504e-11
1559,VSA_EState1,Comp,5.187030854260895e-11
1560,BCUT2D_CHGLO,Polar_dispersity,3.5904077459616776e-11
1561,BCUT2D_MRHI,Conc of comp,2.526902249980385e-11
1562,EState_VSA5,Comp,2.4196612549763626e-11
1563,BCUT2D_LOGPHI,hydrophbic_section,2.1996232627099078e-11
1564,BertzCT,full_mol_vol,2.138653729931438e-11
1565,BCUT2D_CHGLO,Area_Sphere_Substance,2.114028416211683e-11
1566,PEOE_VSA10,Comp,1.0869076971674424e-11
1567,Kappa1,Comp,7.620849252678195e-12
1568,SlogP_VSA12,Comp,5.983577949980956e-12
1569,EState_VSA3,Comp,5.431915302931467e-12
1570,BCUT2D_LOGPLOW,Conc of comp,4.634976391601237e-12
1571,VSA_EState3,Comp,4.626972802586374e-12
1572,Chi0,Comp,3.4759002469108826e-12
1573,PEOE_VSA1,Comp,2.8899163188284476e-12
1574,PEOE_VSA8,Comp,2.52950519773487e-12
1575,VSA_EState2,Comp,2.0994517236024655e-12
1576,BCUT2D_CHGHI,Conc of comp,9.960685551766358e-13
1577,EState_VSA9,Comp,9.46029850014903e-13
1578,BCUT2D_LOGPLOW,hydrophilic_section,6.268317553227031e-13
1579,BCUT2D_LOGPHI,Conc of comp,5.306538756190811e-13
1580,Chi0v,Comp,3.454647727005886e-13
1581,BCUT2D_CHGLO,Conc of comp,2.9509202016869726e-13
1582,EState_VSA1,Comp,2.6902426866786117e-13
1583,BCUT2D_MWLOW,Solvent,2.2677553327269574e-13
1584,PEOE_VSA2,Comp,1.8116492593970153e-13
1585,BCUT2D_LOGPLOW,hydrophbic_section,1.660036080670679e-13
1586,BCUT2D_LOGPLOW,Full_molecule,1.3156806047203433e-13
1587,Chi0n,Comp,1.1886573519421586e-13
1588,SlogP_VSA4,Comp,1.1744893697898152e-13
1589,EState_VSA10,Comp,1.0964281674519155e-13
1590,BCUT2D_LOGPLOW,Avg_roundness,1.0250765440774995e-13
1591,BCUT2D_CHGLO,hydrophilic_section,6.791333821384427e-14
1592,SlogP_VSA3,Comp,3.299248470621687e-14
1593,BCUT2D_CHGLO,hydrophbic_section,1.3025584213048524e-14
1594,BCUT2D_CHGLO,Avg_roundness,1.2867042256562978e-14
1595,BCUT2D_CHGLO,Full_molecule,1.1549490888815277e-14
1596,Chi1,Comp,8.872034369339456e-15
1597,BCUT2D_MWLOW,Polar_dispersity,9.49830239972724e-16
1598,VSA_EState8,Comp,8.877729054541119e-16
1599,BCUT2D_MWLOW,Avg_roundness,8.727847571033776e-16
1600,SlogP_VSA11,Comp,7.424393175834969e-16
1601,SMR_VSA9,Comp,7.424393175834969e-16
1602,BCUT2D_MWLOW,Area_Sphere_Substance,7.145155404764594e-16
1603,BCUT2D_MWLOW,Full_molecule,5.048026100349885e-16
1604,BCUT2D_MWLOW,hydrophilic_section,4.916962336296355e-16
1605,BCUT2D_MWLOW,hydrophbic_section,4.252645656393087e-16
1606,Chi1v,Comp,2.1640422707576614e-16
1607,BCUT2D_MWLOW,Conc of comp,2.0498722426921896e-16
1608,MolWt,full_mol_vol,1.618125962465149e-16
1609,ExactMolWt,full_mol_vol,1.610912913069921e-16
1610,NumHeteroatoms,Comp,1.0859056688427262e-16
1611,BCUT2D_MWHI,Comp,8.99473110271364e-17
1612,HeavyAtomMolWt,full_mol_vol,7.964381690133572e-17
1613,Kappa2,Comp,6.270730720185975e-17
1614,PEOE_VSA13,Comp,5.667455136775168e-17
1615,SlogP_VSA10,Comp,5.667455136775168e-17
1616,Chi2v,Comp,5.205742622570799e-17
1617,Chi1n,Comp,3.2297390988088575e-17
1618,NumHAcceptors,Comp,2.3596643923322646e-17
1619,NOCount,Comp,1.9871608116552862e-17
1620,Chi2n,Comp,3.617369911284597e-18
1621,SlogP_VSA1,Comp,3.55437509962212e-18
1622,EState_VSA7,Comp,2.9256494638730796e-18
1623,Chi3v,Comp,4.1834081226961374e-19
1624,VSA_EState6,Comp,2.151641248973829e-19
1625,VSA_EState10,Comp,3.0176886504758795e-20
1626,Chi4v,Comp,2.6875111450751236e-20
1627,Kappa3,Comp,1.8777019275427526e-20
1628,MaxAbsEStateIndex,Comp,7.836148281647603e-21
1629,MaxEStateIndex,Comp,7.836148281647603e-21
1630,LabuteASA,full_mol_vol,7.775808933763876e-21
1631,MolLogP,Comp,6.227223825025268e-21
1632,Chi3n,Comp,4.524714774944399e-21
1633,NumValenceElectrons,full_mol_vol,3.435724026753839e-21
1634,SPS,Comp,2.1341665679280196e-21
1635,fr_ether,Comp,1.4592188858925725e-21
1636,TPSA,full_mol_vol,4.378287876426439e-22
1637,MolMR,full_mol_vol,4.0382392173270288e-22
1638,RingCount,Comp,9.923976005510596e-23
1639,EState_VSA2,full_mol_vol,8.514110582808883e-23
1640,Chi4n,Comp,7.880583811415008e-23
1641,PEOE_VSA9,full_mol_vol,5.709006899285524e-23
1642,SMR_VSA5,full_mol_vol,5.62861500867114e-23
1643,EState_VSA8,full_mol_vol,5.187771976899625e-23
1644,SlogP_VSA2,full_mol_vol,4.64787747572078e-23
1645,SlogP_VSA5,full_mol_vol,3.865821441891211e-23
1646,SMR_VSA6,full_mol_vol,3.778356719591878e-23
1647,PEOE_VSA6,full_mol_vol,3.6727183952015884e-23
1648,SlogP_VSA6,full_mol_vol,3.4470277112042685e-23
1649,PEOE_VSA7,full_mol_vol,3.3509645530767934e-23
1650,SMR_VSA7,full_mol_vol,3.172026736675764e-23
1651,HeavyAtomCount,full_mol_vol,2.7448306041197966e-23
1652,EState_VSA4,full_mol_vol,2.6907698303194676e-23
1653,SMR_VSA1,full_mol_vol,2.6708302648284715e-23
1654,SMR_VSA10,full_mol_vol,2.6543444263379065e-23
1655,VSA_EState1,full_mol_vol,2.5394812291885964e-23
1656,EState_VSA5,full_mol_vol,2.4876594539007802e-23
1657,PEOE_VSA10,full_mol_vol,2.4446673331083184e-23
1658,Kappa1,full_mol_vol,2.4278802838156872e-23
1659,SlogP_VSA12,full_mol_vol,2.4216604514152454e-23
1660,EState_VSA3,full_mol_vol,2.4070934286620987e-23
1661,VSA_EState3,full_mol_vol,2.4013633906311116e-23
1662,Chi0,full_mol_vol,2.3922718878432234e-23
1663,PEOE_VSA1,full_mol_vol,2.380244854110638e-23
1664,PEOE_VSA8,full_mol_vol,2.36884870650226e-23
1665,VSA_EState2,full_mol_vol,2.361752613293059e-23
1666,EState_VSA9,full_mol_vol,2.3453128428678908e-23
1667,Chi0v,full_mol_vol,2.3061873684188165e-23
1668,EState_VSA1,full_mol_vol,2.2804870760056222e-23
1669,Chi0n,full_mol_vol,2.2717154053066523e-23
1670,PEOE_VSA2,full_mol_vol,2.2649152435765973e-23
1671,SlogP_VSA4,full_mol_vol,2.255557519190577e-23
1672,EState_VSA10,full_mol_vol,2.2554085128584343e-23
1673,SlogP_VSA3,full_mol_vol,2.2306847504440507e-23
1674,Chi1,full_mol_vol,2.2067598573107082e-23
1675,BCUT2D_MWHI,full_mol_vol,2.1948398466445333e-23
1676,SMR_VSA9,full_mol_vol,2.15459876725922e-23
1677,SlogP_VSA11,full_mol_vol,2.15459876725922e-23
1678,VSA_EState8,full_mol_vol,2.1455334845937658e-23
1679,Chi1v,full_mol_vol,2.1436661859332733e-23
1680,NumHeteroatoms,full_mol_vol,2.126344525269933e-23
1681,Kappa2,full_mol_vol,2.126141928807151e-23
1682,Chi2v,full_mol_vol,2.1246531669246792e-23
1683,Chi1n,full_mol_vol,2.1184348046534242e-23
1684,NumHAcceptors,full_mol_vol,2.1060260054816086e-23
1685,PEOE_VSA13,full_mol_vol,2.105220013219434e-23
1686,SlogP_VSA10,full_mol_vol,2.105220013219434e-23
1687,NOCount,full_mol_vol,2.1008697270347587e-23
1688,Chi2n,full_mol_vol,2.0946505702779524e-23
1689,SlogP_VSA1,full_mol_vol,2.089020031528142e-23
1690,SPS,full_mol_vol,2.0846151526759466e-23
1691,VSA_EState6,full_mol_vol,2.0837890309467219e-23
1692,EState_VSA7,full_mol_vol,2.077846164979477e-23
1693,Chi3v,full_mol_vol,2.0773642565437886e-23
1694,Kappa3,full_mol_vol,2.0753851468901538e-23
1695,MaxAbsEStateIndex,full_mol_vol,2.0673315369046428e-23
1696,MaxEStateIndex,full_mol_vol,2.0673315369046428e-23
1697,BCUT2D_MWLOW,full_mol_vol,2.065688842628256e-23
1698,VSA_EState10,full_mol_vol,2.062880086071325e-23
1699,Chi4v,full_mol_vol,2.0607289582905822e-23
1700,MolLogP,full_mol_vol,2.059398730994124e-23
1701,Chi3n,full_mol_vol,2.0533603437446388e-23
1702,BCUT2D_MRHI,full_mol_vol,2.0501959257549785e-23
1703,fr_ether,full_mol_vol,2.0446668972495816e-23
1704,RingCount,full_mol_vol,2.039985448421366e-23
1705,Chi4n,full_mol_vol,2.0384946168278755e-23
1706,NumAromaticCarbocycles,full_mol_vol,2.030755428785249e-23
1707,NumAromaticRings,full_mol_vol,2.030755428785249e-23
1708,fr_benzene,full_mol_vol,2.030755428785249e-23
1709,AvgIpc,full_mol_vol,2.0292446789057656e-23
1710,BCUT2D_LOGPHI,full_mol_vol,2.028899818427086e-23
1711,BalabanJ,full_mol_vol,2.0286058375590205e-23
1712,BCUT2D_CHGHI,full_mol_vol,2.027841535657086e-23
1713,PEOE_VSA11,full_mol_vol,2.0258078391615898e-23
1714,NumAliphaticHeterocycles,full_mol_vol,2.025475432680654e-23
1715,NumAliphaticRings,full_mol_vol,2.025475432680654e-23
1716,fr_nitro,full_mol_vol,2.0252023955999507e-23
1717,NumRotatableBonds,full_mol_vol,2.0252023955999507e-23
1718,fr_nitro_arom,full_mol_vol,2.0252023955999507e-23
1719,fr_nitro_arom_nonortho,full_mol_vol,2.0252023955999507e-23
1720,fr_NH0,full_mol_vol,2.0252023955999507e-23
1721,VSA_EState4,full_mol_vol,2.0249759710024813e-23
1722,FpDensityMorgan3,full_mol_vol,2.0237614830441502e-23
1723,fr_alkyl_halide,full_mol_vol,2.0233047800977442e-23
1724,fr_halogen,full_mol_vol,2.0233047800977442e-23
1725,FpDensityMorgan2,full_mol_vol,2.023013090447627e-23
1726,BCUT2D_MRLOW,full_mol_vol,2.022933329603046e-23
1727,FpDensityMorgan1,full_mol_vol,2.021947489450759e-23
1728,MinAbsEStateIndex,full_mol_vol,2.0216697458490743e-23
1729,VSA_EState5,full_mol_vol,2.0216445526143364e-23
1730,fr_phenol,full_mol_vol,2.021640752155127e-23
1731,fr_phenol_noOrthoHbond,full_mol_vol,2.021640752155127e-23
1732,NumHDonors,full_mol_vol,2.021640752155127e-23
1733,NHOHCount,full_mol_vol,2.021640752155127e-23
1734,fr_Ar_OH,full_mol_vol,2.021640752155127e-23
1735,fr_bicyclic,full_mol_vol,2.021640752155127e-23
1736,FractionCSP3,full_mol_vol,2.021259969272613e-23
1737,MaxAbsPartialCharge,full_mol_vol,2.0203732354393797e-23
1738,qed,full_mol_vol,2.0202885785745158e-23
1739,fr_aryl_methyl,full_mol_vol,2.0202097666973646e-23
1740,MaxPartialCharge,full_mol_vol,2.0196238809480677e-23
1741,MinAbsPartialCharge,full_mol_vol,2.019606380149875e-23
1742,MinEStateIndex,full_mol_vol,2.0191594347163638e-23
1743,MinPartialCharge,full_mol_vol,2.0178011841404526e-23
1744,HallKierAlpha,full_mol_vol,2.013811706531155e-23
1745,BCUT2D_LOGPLOW,full_mol_vol,2.0109954958988786e-23
1746,BCUT2D_CHGLO,full_mol_vol,2.010411678052934e-23
1747,HallKierAlpha,Comp,7.1043653205061e-24
1748,VSA_EState4,Comp,4.052433858845169e-24
1749,PEOE_VSA11,Comp,3.442131368941814e-24
1750,NumAromaticCarbocycles,Comp,3.1668654914439006e-24
1751,NumAromaticRings,Comp,3.1668654914439006e-24
1752,fr_benzene,Comp,3.1668654914439006e-24
1753,fr_nitro_arom_nonortho,Comp,2.47752282503149e-24
1754,NumRotatableBonds,Comp,2.47752282503149e-24
1755,fr_nitro,Comp,2.47752282503149e-24
1756,fr_NH0,Comp,2.47752282503149e-24
1757,fr_nitro_arom,Comp,2.47752282503149e-24
1758,BCUT2D_MRHI,Comp,1.251282493795675e-24
1759,NumAliphaticHeterocycles,Comp,9.213011784299552e-25
1760,NumAliphaticRings,Comp,9.213011784299552e-25
1761,fr_halogen,Comp,8.810177514804835e-25
1762,fr_alkyl_halide,Comp,8.810177514804835e-25
1763,BCUT2D_MWLOW,Comp,8.328579653832799e-25
1764,AvgIpc,Comp,5.67865211141698e-25
1765,BCUT2D_MRLOW,Comp,4.656446505171074e-25
1766,fr_bicyclic,Comp,3.7789938239288672e-25
1767,NumHDonors,Comp,3.7789938239288672e-25
1768,NHOHCount,Comp,3.7789938239288672e-25
1769,fr_phenol,Comp,3.7789938239288672e-25
1770,fr_Ar_OH,Comp,3.7789938239288672e-25
1771,fr_phenol_noOrthoHbond,Comp,3.7789938239288672e-25
1772,MinEStateIndex,Comp,3.368465407292659e-25
1773,VSA_EState5,Comp,3.1787260320591697e-25
1774,BalabanJ,Comp,2.9115964859832023e-25
1775,FpDensityMorgan3,Comp,2.4064087111091565e-25
1776,MinAbsEStateIndex,Comp,2.358048865839559e-25
1777,BCUT2D_LOGPHI,Comp,2.315890443970536e-25
1778,FpDensityMorgan2,Comp,2.286467075323127e-25
1779,BCUT2D_CHGHI,Comp,2.240974181600802e-25
1780,fr_aryl_methyl,Comp,2.1418269054803767e-25
1781,FpDensityMorgan1,Comp,2.0650416131688034e-25
1782,FractionCSP3,Comp,1.9986875434740219e-25
1783,MaxAbsPartialCharge,Comp,1.8470204372031405e-25
1784,qed,Comp,1.8180104745552609e-25
1785,MaxPartialCharge,Comp,1.774264683486809e-25
1786,MinPartialCharge,Comp,1.7656284602305623e-25
1787,MinAbsPartialCharge,Comp,1.7640557355207125e-25
1788,BCUT2D_LOGPLOW,Comp,1.5937421054525123e-25
1789,BCUT2D_CHGLO,Comp,1.5451105856249504e-25
